Processor_Speed,RAM_Size,Storage_Capacity,Screen_Size,Weight,Brand_Acer,Brand_Asus,Brand_Dell,Brand_HP,Brand_Lenovo,Price_Category
0.7788637044558875,0.044775762189062894,-0.2327078001923369,-0.7557131049191299,0.6872381450742845,0.0,0.0,0.0,1.0,0.0,2
1.710727985828057,0.044775762189062894,-1.0500105419846029,1.612401854669494,-1.0203867169617533,1.0,0.0,0.0,0.0,0.0,1
1.2242901666334873,0.044775762189062894,-0.2327078001923369,0.5773542913447687,0.8335533761730926,0.0,0.0,1.0,0.0,0.0,2
0.6986592335476506,-1.0406972605760998,-1.0500105419846029,-0.03726746948920181,0.22980787007052478,0.0,0.0,0.0,0.0,1.0,0
-0.03268262530493425,-1.0406972605760998,-0.2327078001923369,1.4671393536620951,1.7566288963148515,0.0,0.0,0.0,0.0,1.0,1
1.5148627836552961,-1.0406972605760998,-1.0500105419846029,0.5737950902839153,-0.10563511415173302,0.0,1.0,0.0,0.0,0.0,0
0.2990319847135046,1.4920731258759463,-1.0500105419846029,-0.02994204675872422,-0.9669851970239313,0.0,1.0,0.0,0.0,0.0,1
-1.201874790820574,-1.0406972605760998,-0.2327078001923369,-1.6905710368608269,1.6606436390903743,0.0,1.0,0.0,0.0,0.0,1
-1.2452093672796178,0.044775762189062894,1.3252755513491699,1.6178887855127662,0.5126332160807353,0.0,1.0,0.0,0.0,0.0,3
0.6996588093832241,-1.0406972605760998,-1.0500105419846029,0.7838773327699576,-0.5398726212461805,0.0,0.0,0.0,0.0,1.0,0
0.15692597793850804,-1.0406972605760998,-1.0500105419846029,-1.6339909869881304,1.613222477891282,0.0,0.0,1.0,0.0,0.0,0
0.6103709562957308,-0.6788729196543789,1.3252755513491699,0.04609176405828408,1.6040660573485563,0.0,1.0,0.0,0.0,0.0,3
-0.47009749834495945,1.4920731258759463,-1.0500105419846029,0.9631156800811771,1.1329178887403952,1.0,0.0,0.0,0.0,0.0,1
1.1687184261590746,-0.6788729196543789,-1.0500105419846029,1.0521905338790827,-0.21468322492068834,0.0,1.0,0.0,0.0,0.0,0
1.058902742425826,-1.0406972605760998,1.3252755513491699,-1.32674390584862,1.644777936026539,0.0,0.0,0.0,1.0,0.0,2
1.3065495686131274,1.4920731258759463,1.3252755513491699,-1.348850326579498,-0.4547781163533609,0.0,0.0,0.0,0.0,1.0,3
-0.516202617203919,0.044775762189062894,-0.2327078001923369,-0.2237519590262144,0.05028698081186741,0.0,0.0,0.0,1.0,0.0,2
-1.6154083372556336,1.4920731258759463,-0.2327078001923369,-1.7650693118836438,1.2861825857279454,0.0,1.0,0.0,0.0,0.0,2
0.20522219082129733,-1.0406972605760998,1.3252755513491699,-1.5243371128812828,1.7058164396890716,0.0,0.0,1.0,0.0,0.0,2
0.7807034369494215,-0.6788729196543789,-0.2327078001923369,1.4235834968942511,0.42935574705037705,0.0,1.0,0.0,0.0,0.0,1
-0.9001341651294836,-0.6788729196543789,1.3252755513491699,0.33556489392736455,-1.6075111723418378,0.0,0.0,1.0,0.0,0.0,3
0.11150111684760533,1.4920731258759463,-0.2327078001923369,-0.2324813933562368,-0.9892721232071632,0.0,0.0,1.0,0.0,0.0,2
-0.5454773988247246,-1.0406972605760998,1.3252755513491699,0.6165057570789292,-1.2474100020600747,0.0,0.0,1.0,0.0,0.0,2
0.54088662034304,-1.0406972605760998,-0.2327078001923369,1.487431576372767,-1.1142127014609922,1.0,0.0,0.0,0.0,0.0,2
1.308768914361815,0.044775762189062894,-0.2327078001923369,1.3498239237692427,-1.4037349242029016,0.0,0.0,1.0,0.0,0.0,2
-0.8318412666167365,1.4920731258759463,1.3252755513491699,-1.0880052481409923,-0.5846661252335144,0.0,0.0,1.0,0.0,0.0,3
0.6476825462228457,0.044775762189062894,1.3252755513491699,1.1682091682733167,-0.32475695563165385,1.0,0.0,0.0,0.0,0.0,3
-0.15537237498070353,-0.6788729196543789,-0.2327078001923369,-0.09679129378272495,-1.6673044715496443,1.0,0.0,0.0,0.0,0.0,2
-0.34328482440481894,1.4920731258759463,-0.2327078001923369,-1.2870270105050174,0.12335297937169871,0.0,0.0,0.0,1.0,0.0,2
-1.0164012582261384,1.4920731258759463,-0.2327078001923369,-1.1879972139428157,-0.05888390300513458,0.0,0.0,1.0,0.0,0.0,2
-0.16288717478591652,1.4920731258759463,-1.0500105419846029,0.6964029722210886,1.6320168202795706,0.0,0.0,1.0,0.0,0.0,1
0.3330262239625536,-1.0406972605760998,-1.0500105419846029,0.05527872158320284,1.5782153861775037,0.0,0.0,1.0,0.0,0.0,0
0.47754467950682833,-1.0406972605760998,1.3252755513491699,0.06978071064747293,0.42810238923196053,1.0,0.0,0.0,0.0,0.0,2
1.1799909082640465,-1.0406972605760998,1.3252755513491699,-1.7416418775019895,-1.644287952363589,0.0,0.0,0.0,1.0,0.0,2
1.2234712532029122,0.044775762189062894,-0.2327078001923369,1.1182571717217253,-0.8003079111939647,0.0,0.0,1.0,0.0,0.0,1
-0.6802645132399491,1.4920731258759463,-1.0500105419846029,1.2356671806354187,-0.14736586513626956,1.0,0.0,0.0,0.0,0.0,1
-1.4779479397747048,-0.6788729196543789,-1.0500105419846029,-1.6332762257127258,1.1511788177767202,0.0,0.0,0.0,1.0,0.0,0
-0.7806238431991588,1.4920731258759463,1.3252755513491699,-0.04215899146265136,1.1034322440204527,1.0,0.0,0.0,0.0,0.0,3
0.6035870366331322,0.044775762189062894,-1.0500105419846029,0.7034721572318706,1.1569797925143914,1.0,0.0,0.0,0.0,0.0,0
-1.5008658007454851,1.4920731258759463,1.3252755513491699,1.125408440073979,-0.14539634362601497,0.0,1.0,0.0,0.0,0.0,3
-1.1219768331138935,1.4920731258759463,-0.2327078001923369,0.9264998202311607,-0.03393216781692385,0.0,0.0,1.0,0.0,0.0,2
-1.2435916364684498,-0.6788729196543789,1.3252755513491699,-1.769577277551043,-0.5681403507233762,0.0,0.0,0.0,0.0,1.0,2
-0.3229839120836443,1.4920731258759463,-0.2327078001923369,-0.31384158641636895,-0.9624535050259758,1.0,0.0,0.0,0.0,0.0,2
-1.606289747172346,-0.6788729196543789,-0.2327078001923369,-0.9242536818103666,-1.2663038236448285,0.0,0.0,0.0,1.0,0.0,1
1.490682203854877,0.044775762189062894,-0.2327078001923369,-0.6747415011884822,0.6383508974675973,1.0,0.0,0.0,0.0,0.0,2
-1.3609852403804397,0.044775762189062894,-1.0500105419846029,0.27738316814477637,1.2646287128282871,1.0,0.0,0.0,0.0,0.0,0
0.3688252268300338,1.4920731258759463,1.3252755513491699,-1.0758001880210766,0.20329341831512424,0.0,0.0,0.0,0.0,1.0,3
-1.6481854632882735,-0.6788729196543789,-0.2327078001923369,0.44552946188099857,1.2089301676035646,1.0,0.0,0.0,0.0,0.0,1
-1.671695537810926,-0.6788729196543789,-0.2327078001923369,-0.6129745968339899,1.5096113038384895,0.0,0.0,0.0,0.0,1.0,1
-0.5063344412366032,-1.0406972605760998,1.3252755513491699,1.5439394010053589,-0.7452491701371534,1.0,0.0,0.0,0.0,0.0,2
-1.6058633248625895,0.044775762189062894,-0.2327078001923369,-1.1225529985547007,-1.4912659948597646,0.0,1.0,0.0,0.0,0.0,1
-1.1004793086671454,1.4920731258759463,1.3252755513491699,-1.0206681369618718,-0.17987172711408214,1.0,0.0,0.0,0.0,0.0,3
0.9353669426849646,-0.6788729196543789,1.3252755513491699,1.4571806766301185,1.3266627865211025,1.0,0.0,0.0,0.0,0.0,3
-0.40454189102947713,0.044775762189062894,-0.2327078001923369,0.258482933233471,1.3900902934588082,0.0,0.0,0.0,0.0,1.0,2
0.6907431862872085,0.044775762189062894,1.3252755513491699,-0.7424073176403895,1.132210994745368,0.0,1.0,0.0,0.0,0.0,3
-0.7745024021131289,-1.0406972605760998,-0.2327078001923369,1.0446844519999547,0.8178680150323213,0.0,1.0,0.0,0.0,0.0,1
-0.49654777927083477,1.4920731258759463,1.3252755513491699,1.6692530816104445,-0.0320425484066769,0.0,0.0,0.0,1.0,0.0,3
0.7489647262132022,-0.6788729196543789,-1.0500105419846029,0.24501534323903493,-1.6506174682256718,1.0,0.0,0.0,0.0,0.0,0
0.30387568135525406,-1.0406972605760998,-0.2327078001923369,0.6895006827956358,1.6608510127523077,0.0,0.0,0.0,1.0,0.0,1
-1.2958700299412536,1.4920731258759463,1.3252755513491699,-1.7449103590314172,-0.257114879069435,0.0,0.0,0.0,0.0,1.0,3
-0.8257455639238002,0.044775762189062894,-1.0500105419846029,0.5696101199282639,-1.1636294569921697,1.0,0.0,0.0,0.0,0.0,0
-0.9342035173227252,1.4920731258759463,1.3252755513491699,0.304957218694501,0.08726776394830062,0.0,0.0,0.0,0.0,1.0,3
-0.15019295412884534,-0.6788729196543789,1.3252755513491699,1.4068744549993468,0.3497868469498509,1.0,0.0,0.0,0.0,0.0,3
-1.3091813028994903,-0.6788729196543789,1.3252755513491699,1.1477237271896135,-0.3798308588521948,0.0,0.0,0.0,0.0,1.0,3
-1.5343648044586164,-0.6788729196543789,1.3252755513491699,-1.7374410429496292,0.6663512558856189,0.0,0.0,0.0,1.0,0.0,2
-1.4814414167410495,0.044775762189062894,1.3252755513491699,1.316770577309647,0.7132095883695709,0.0,0.0,0.0,1.0,0.0,3
0.18033979987435053,-1.0406972605760998,-0.2327078001923369,-1.389489075406239,0.9048303344437644,0.0,0.0,0.0,0.0,1.0,1
-0.996516249315102,1.4920731258759463,1.3252755513491699,-1.5300276566462694,0.48113582456220566,0.0,1.0,0.0,0.0,0.0,3
-0.8713488593640073,-0.6788729196543789,1.3252755513491699,1.278589869170796,1.3957094878546148,0.0,1.0,0.0,0.0,0.0,2
-0.14679391192043598,1.4920731258759463,1.3252755513491699,-1.5395553227698082,-1.2005535114197243,0.0,1.0,0.0,0.0,0.0,3
0.5211094359964002,1.4920731258759463,-1.0500105419846029,-0.6496068750761371,0.057653047656370374,0.0,0.0,1.0,0.0,0.0,1
-0.19504396608800836,-1.0406972605760998,-1.0500105419846029,0.07603764131830783,0.45413666746572207,0.0,0.0,1.0,0.0,0.0,0
0.4270599281043103,-1.0406972605760998,-1.0500105419846029,-0.4019187084763935,-0.9676386620419005,1.0,0.0,0.0,0.0,0.0,0
-1.3860315668275667,1.4920731258759463,-0.2327078001923369,0.023756881177298655,-0.2019279541286749,0.0,0.0,0.0,0.0,1.0,2
1.5363057051963456,0.044775762189062894,-0.2327078001923369,0.5204850685321387,-0.394635973851189,0.0,1.0,0.0,0.0,0.0,2
-0.3182959304376979,-0.6788729196543789,-1.0500105419846029,-0.5388134771553944,-0.1237740982550032,1.0,0.0,0.0,0.0,0.0,0
-1.2352481564506552,-0.6788729196543789,-1.0500105419846029,0.38142372773207933,1.639436454613571,0.0,0.0,0.0,1.0,0.0,0
1.5480501618301576,-1.0406972605760998,1.3252755513491699,0.27587800063102935,-0.9338057174734118,0.0,0.0,0.0,1.0,0.0,3
1.6125708739521871,1.4920731258759463,-1.0500105419846029,-0.09030850919251782,-0.9450817949959844,0.0,0.0,1.0,0.0,0.0,1
-0.3527661065687732,-0.6788729196543789,-1.0500105419846029,-1.562121865547663,-0.7829753063640149,1.0,0.0,0.0,0.0,0.0,0
0.45158892537544126,-1.0406972605760998,1.3252755513491699,-1.7859726622127623,-1.6702553572226049,0.0,0.0,0.0,1.0,0.0,3
-0.8966413592512302,1.4920731258759463,-1.0500105419846029,-0.8707764669415933,-0.05764402598003193,1.0,0.0,0.0,0.0,0.0,1
-1.6413727153968118,-1.0406972605760998,1.3252755513491699,-1.4692990424112775,0.3963398555016709,1.0,0.0,0.0,0.0,0.0,2
1.389948426178799,1.4920731258759463,-1.0500105419846029,-0.04618391052944715,-1.0301579613643357,1.0,0.0,0.0,0.0,0.0,1
-0.9699287486724326,1.4920731258759463,-1.0500105419846029,0.857217826106061,0.4851200663628725,0.0,0.0,1.0,0.0,0.0,0
0.43527380036902436,1.4920731258759463,-1.0500105419846029,0.5624963034097389,-0.2982538034731099,0.0,0.0,0.0,0.0,1.0,1
-1.6453856828071896,1.4920731258759463,-0.2327078001923369,1.4227582097619749,-1.1037968891256824,0.0,1.0,0.0,0.0,0.0,2
-0.25838839046256507,0.044775762189062894,-1.0500105419846029,0.6811821052429844,-0.6927050305848926,0.0,0.0,0.0,0.0,1.0,0
-1.6250843143121636,-0.6788729196543789,1.3252755513491699,-0.9023669187848855,0.6807041610097484,1.0,0.0,0.0,0.0,0.0,2
0.5943476719530238,0.044775762189062894,-0.2327078001923369,0.3758584254373265,-0.5999516095429333,0.0,0.0,0.0,1.0,0.0,2
0.54796164292887,-1.0406972605760998,1.3252755513491699,-1.4614516185615822,-0.12597854700389566,0.0,1.0,0.0,0.0,0.0,3
1.638050558335584,1.4920731258759463,-1.0500105419846029,-0.5611567273153039,1.141041622825621,0.0,0.0,1.0,0.0,0.0,1
0.4784318061083051,-0.6788729196543789,-1.0500105419846029,-0.4193308033579541,-1.2858688757481826,0.0,1.0,0.0,0.0,0.0,0
0.8485692950322927,1.4920731258759463,1.3252755513491699,1.5872257178832354,-0.7206904410682389,0.0,1.0,0.0,0.0,0.0,3
0.44744821217187547,-0.6788729196543789,-0.2327078001923369,-0.25163126896559385,1.1090994245308894,0.0,0.0,0.0,0.0,1.0,1
-0.8243805003726072,1.4920731258759463,-0.2327078001923369,1.3159685200418008,-0.15295644238538586,0.0,0.0,0.0,0.0,1.0,2
0.9745493076626237,0.044775762189062894,-0.2327078001923369,0.6913183580737983,-0.6201190870357012,0.0,0.0,1.0,0.0,0.0,2
-1.0273660369407611,-0.6788729196543789,1.3252755513491699,-1.330227824434557,1.500631681181887,1.0,0.0,0.0,0.0,0.0,2
1.469662302253907,0.044775762189062894,-1.0500105419846029,-0.6802074888921639,0.22428954207581137,0.0,1.0,0.0,0.0,0.0,1
0.5451968242716533,1.4920731258759463,-1.0500105419846029,-1.7397131379673156,-1.6257084714443233,0.0,1.0,0.0,0.0,0.0,1
-0.8632509795213733,-1.0406972605760998,-0.2327078001923369,1.6671041906561426,0.8582381325203221,0.0,1.0,0.0,0.0,0.0,1
-0.4471213535808064,0.044775762189062894,-0.2327078001923369,-0.9792779238675653,-0.13041969572836187,0.0,0.0,1.0,0.0,0.0,2
0.8504337450351805,0.044775762189062894,-0.2327078001923369,1.410232731391048,1.0273265290974163,0.0,0.0,1.0,0.0,0.0,2
0.9638126449330258,0.044775762189062894,-1.0500105419846029,1.1105259432051953,-1.6462476536170068,0.0,1.0,0.0,0.0,0.0,1
0.05960040016146021,-0.6788729196543789,-1.0500105419846029,-0.8090788222297988,0.3304087493937845,0.0,0.0,1.0,0.0,0.0,0
-1.321907724834413,-0.6788729196543789,1.3252755513491699,1.3360140222372134,1.0020101509495032,0.0,1.0,0.0,0.0,0.0,2
1.6382786505315192,-1.0406972605760998,-0.2327078001923369,0.8726942570747047,-0.16202765979910771,1.0,0.0,0.0,0.0,0.0,1
0.6897807533251173,0.044775762189062894,-0.2327078001923369,-0.4584889010519923,-0.9989771760522963,0.0,0.0,1.0,0.0,0.0,2
-0.4910321020972155,0.044775762189062894,1.3252755513491699,-1.3111174915151376,-0.30915898198345265,0.0,0.0,0.0,0.0,1.0,3
1.4973690668538664,-0.6788729196543789,1.3252755513491699,1.1771276180312094,1.1809404414338678,0.0,0.0,0.0,1.0,0.0,3
0.9212813863851658,1.4920731258759463,-0.2327078001923369,0.08162876280321274,-0.708167262482582,0.0,1.0,0.0,0.0,0.0,2
0.484261861009268,0.044775762189062894,-0.2327078001923369,1.5103683132194887,1.7615960296898914,0.0,1.0,0.0,0.0,0.0,2
-1.1755389984653846,0.044775762189062894,-1.0500105419846029,-1.5168911815175785,-0.9115563737392035,0.0,1.0,0.0,0.0,0.0,0
0.4800104522080114,1.4920731258759463,-0.2327078001923369,-1.543842654818451,-0.6630742182378019,0.0,0.0,0.0,1.0,0.0,2
0.5432647318086495,-1.0406972605760998,1.3252755513491699,0.6096799907788266,-0.5906873175822275,0.0,1.0,0.0,0.0,0.0,3
-0.28220471366042194,0.044775762189062894,-0.2327078001923369,-0.9229229628820206,-1.2543484241848977,0.0,1.0,0.0,0.0,0.0,2
-0.10505920454377174,0.044775762189062894,-0.2327078001923369,-1.5022093092345565,-1.4763550168760387,0.0,0.0,1.0,0.0,0.0,2
-1.4484103443539467,1.4920731258759463,1.3252755513491699,0.26179753848897214,0.5812868815557174,0.0,1.0,0.0,0.0,0.0,3
-0.776003277048205,1.4920731258759463,-0.2327078001923369,0.5086251645832114,-0.8438570603095709,1.0,0.0,0.0,0.0,0.0,2
0.7055037308338515,-1.0406972605760998,-1.0500105419846029,-1.2932547764485287,-1.6554343955358224,0.0,0.0,0.0,0.0,1.0,0
-0.9405016256878133,0.044775762189062894,-0.2327078001923369,1.5463967165691592,1.3794500714455797,0.0,0.0,0.0,0.0,1.0,2
0.8447195823648199,0.044775762189062894,-0.2327078001923369,-0.5729370807200102,-1.2125912781059967,0.0,0.0,1.0,0.0,0.0,2
-0.012640389618645156,-1.0406972605760998,-0.2327078001923369,-1.7327772153513405,1.7326279666893414,0.0,0.0,0.0,1.0,0.0,1
-0.9047298038442536,-0.6788729196543789,1.3252755513491699,1.5080652827030574,1.2949040735497066,0.0,1.0,0.0,0.0,0.0,2
1.0884382045836978,1.4920731258759463,1.3252755513491699,-0.5985732673286019,1.2643284578974863,0.0,1.0,0.0,0.0,0.0,3
1.7563191230888284,0.044775762189062894,1.3252755513491699,-1.4718343104169682,0.30397977918620567,0.0,0.0,1.0,0.0,0.0,3
-1.379099225509598,0.044775762189062894,-0.2327078001923369,1.1426874738234178,0.32766441208391744,0.0,0.0,0.0,1.0,0.0,1
-0.950443571928808,0.044775762189062894,1.3252755513491699,-0.15812151090151003,0.1290912994963606,0.0,0.0,0.0,0.0,1.0,3
0.7726550352286152,-1.0406972605760998,-0.2327078001923369,-1.3907737054027782,-0.555675034981787,0.0,0.0,0.0,1.0,0.0,1
0.48311719347271065,-0.6788729196543789,-0.2327078001923369,0.11597626942401111,-0.7306450108330738,0.0,0.0,0.0,0.0,1.0,1
1.2146594019724992,1.4920731258759463,-1.0500105419846029,0.9968066988547114,-1.5410304187180677,1.0,0.0,0.0,0.0,0.0,1
-0.672683031156009,-1.0406972605760998,1.3252755513491699,0.22641993318674525,-1.2889859240827914,0.0,1.0,0.0,0.0,0.0,2
-0.20880184076108035,0.044775762189062894,1.3252755513491699,0.2809508249377412,1.0219469491092255,0.0,0.0,0.0,1.0,0.0,3
1.3031276595336736,-0.6788729196543789,-0.2327078001923369,-0.5628031188532645,0.6594692593845977,0.0,1.0,0.0,0.0,0.0,1
-1.6488373413362847,-0.6788729196543789,1.3252755513491699,-0.7526526373850966,1.1922467873722897,0.0,1.0,0.0,0.0,0.0,2
-0.16810921368613138,-1.0406972605760998,1.3252755513491699,-1.2365360347986323,1.351460048787142,0.0,0.0,0.0,1.0,0.0,2
1.51234913414211,0.044775762189062894,-1.0500105419846029,0.4973984809415041,0.490342458639332,0.0,1.0,0.0,0.0,0.0,1
-1.3997113607503204,-1.0406972605760998,-0.2327078001923369,-0.8334864173149006,0.9168396479865175,0.0,0.0,1.0,0.0,0.0,1
-1.413889856481223,-1.0406972605760998,1.3252755513491699,-0.7893347725264905,-1.1263774076434194,0.0,0.0,0.0,1.0,0.0,2
-1.1712830927643851,-1.0406972605760998,-1.0500105419846029,0.5886554381346623,-0.5057418074918781,0.0,1.0,0.0,0.0,0.0,0
-0.6929233537423996,1.4920731258759463,-0.2327078001923369,-0.23458134039710882,0.7154121895217594,0.0,0.0,1.0,0.0,0.0,2
1.6121232873017137,-0.6788729196543789,-0.2327078001923369,-1.1281318578200155,-0.6287766551401921,0.0,0.0,0.0,1.0,0.0,1
-1.2548950844712856,0.044775762189062894,-1.0500105419846029,-0.9873924334895009,0.3601593757444949,0.0,0.0,1.0,0.0,0.0,0
-1.1201113918313363,-1.0406972605760998,-0.2327078001923369,1.0839897119793134,-1.2477024590187873,0.0,1.0,0.0,0.0,0.0,1
0.19490872380785465,0.044775762189062894,-0.2327078001923369,-1.738547898741384,-1.2858033915598146,0.0,0.0,0.0,1.0,0.0,2
-1.323458819366307,1.4920731258759463,1.3252755513491699,-0.3656945524648216,0.96226144586337,1.0,0.0,0.0,0.0,0.0,3
0.012903138474187822,-1.0406972605760998,-0.2327078001923369,0.43256019628619125,0.8385968159356266,1.0,0.0,0.0,0.0,0.0,1
1.6833928694556244,-0.6788729196543789,1.3252755513491699,-1.0516776923950961,-0.9923374509781098,0.0,0.0,0.0,0.0,1.0,3
-1.1612531096209666,1.4920731258759463,-0.2327078001923369,1.0955151316651945,1.6075911540445549,0.0,0.0,0.0,1.0,0.0,2
-0.7232356747328884,-1.0406972605760998,-1.0500105419846029,0.29802022151646307,0.4379301379947702,0.0,0.0,1.0,0.0,0.0,0
-0.29479734314795236,1.4920731258759463,-1.0500105419846029,-1.480216867905783,-1.6832737220872624,0.0,0.0,0.0,0.0,1.0,1
-1.6252561038951854,-0.6788729196543789,-0.2327078001923369,0.551033245012632,-0.11658881320145915,0.0,0.0,0.0,0.0,1.0,1
0.7731707809348548,0.044775762189062894,1.3252755513491699,-0.21064005623221888,0.9473929279797586,1.0,0.0,0.0,0.0,0.0,3
-0.19066253393261218,0.044775762189062894,-1.0500105419846029,-0.452075476033258,-1.3234836886915577,0.0,0.0,0.0,1.0,0.0,0
0.420316309903258,1.4920731258759463,-1.0500105419846029,-1.6417140052217247,0.8214419598901636,0.0,0.0,0.0,0.0,1.0,1
-1.4504547987582026,-1.0406972605760998,-1.0500105419846029,1.1879048825122023,-1.0933291681265982,0.0,0.0,1.0,0.0,0.0,0
-1.4676692647592362,-1.0406972605760998,-0.2327078001923369,-0.20936725145383706,1.3221154058356481,0.0,1.0,0.0,0.0,0.0,1
-0.318920882148584,1.4920731258759463,1.3252755513491699,-0.9595743572201351,-1.397333655892778,0.0,0.0,0.0,0.0,1.0,3
0.07170921377462038,-1.0406972605760998,1.3252755513491699,0.16621116161590724,0.9226831501495274,1.0,0.0,0.0,0.0,0.0,2
1.3387331450391593,-1.0406972605760998,-1.0500105419846029,0.07574364241468272,0.649535939055574,0.0,0.0,0.0,1.0,0.0,0
0.8024720842961977,1.4920731258759463,1.3252755513491699,1.5123697232251438,-1.579163484806109,0.0,0.0,0.0,0.0,1.0,3
0.8349567828194696,0.044775762189062894,-1.0500105419846029,-0.268105887327595,-0.5023093503418892,0.0,0.0,0.0,0.0,1.0,0
-1.5054035753445822,0.044775762189062894,1.3252755513491699,1.120909505193289,-0.8840778281572351,0.0,0.0,1.0,0.0,0.0,3
0.703296636211553,0.044775762189062894,-0.2327078001923369,1.3061540399836495,-1.220463213382749,0.0,0.0,0.0,1.0,0.0,2
0.8911228335931622,-0.6788729196543789,1.3252755513491699,-0.2775407104693234,1.166067859496,0.0,0.0,1.0,0.0,0.0,3
0.3404257787816695,-0.6788729196543789,1.3252755513491699,1.520543960777037,-0.584394709059734,0.0,1.0,0.0,0.0,0.0,3
-0.5391817560682025,1.4920731258759463,-0.2327078001923369,1.4707545314787331,1.5433870371482428,0.0,0.0,0.0,0.0,1.0,2
-0.6721689403808555,1.4920731258759463,-0.2327078001923369,-1.6165351882012644,0.10152260518189621,0.0,0.0,0.0,1.0,0.0,2
-1.3609669491011906,-1.0406972605760998,1.3252755513491699,1.248603317432801,0.03810418644423106,1.0,0.0,0.0,0.0,0.0,2
-0.4268966317541329,0.044775762189062894,-0.2327078001923369,0.3201666661392302,-1.5850516359642477,1.0,0.0,0.0,0.0,0.0,2
-1.4805711990485353,-1.0406972605760998,1.3252755513491699,-0.3347456236222487,-1.5125260277514738,0.0,1.0,0.0,0.0,0.0,2
0.8463716656048399,-0.6788729196543789,1.3252755513491699,-1.775397619911587,0.7531708327047237,0.0,0.0,0.0,1.0,0.0,3
0.9108001462568287,-1.0406972605760998,-0.2327078001923369,-1.285735776420296,-0.039582506572188834,0.0,0.0,0.0,0.0,1.0,1
-0.300459730472105,0.044775762189062894,-1.0500105419846029,-1.181067714816167,-1.684303398188414,0.0,0.0,0.0,0.0,1.0,0
1.3122408977247244,0.044775762189062894,-1.0500105419846029,-1.355788887458002,0.0872954591104236,0.0,0.0,1.0,0.0,0.0,0
-0.3307486593968103,1.4920731258759463,-1.0500105419846029,1.6594227411550058,-1.5321867765791477,0.0,1.0,0.0,0.0,0.0,1
1.3152301462084826,0.044775762189062894,-0.2327078001923369,-0.5496134832291832,1.1892133516882852,0.0,1.0,0.0,0.0,0.0,2
-0.15906620397308727,1.4920731258759463,-1.0500105419846029,1.5227548617941045,-0.8873393945574225,0.0,0.0,0.0,1.0,0.0,1
1.122901676424575,0.044775762189062894,1.3252755513491699,0.6582713309089676,-1.0641431691560714,0.0,0.0,0.0,1.0,0.0,3
-1.5305931681029608,-1.0406972605760998,-0.2327078001923369,0.02898189459851058,0.34110494107973766,1.0,0.0,0.0,0.0,0.0,1
-0.9157913610168368,1.4920731258759463,-1.0500105419846029,-0.544568736142065,-0.5610040423656021,0.0,0.0,1.0,0.0,0.0,1
-1.6203807301334148,1.4920731258759463,1.3252755513491699,-0.724220645237732,-0.6993879051351651,0.0,1.0,0.0,0.0,0.0,3
1.7147984782552919,-0.6788729196543789,-1.0500105419846029,-0.4316982604188229,0.16408295676660084,0.0,1.0,0.0,0.0,0.0,0
1.4005707213039513,1.4920731258759463,1.3252755513491699,-0.6131523456999411,0.19602173370769496,0.0,0.0,0.0,1.0,0.0,3
-0.40277955655165526,1.4920731258759463,1.3252755513491699,1.709867205951641,-0.2967633870275485,0.0,0.0,1.0,0.0,0.0,3
0.23497172736847616,0.044775762189062894,-1.0500105419846029,0.9490566906841557,-0.4315826034650074,0.0,0.0,0.0,1.0,0.0,0
-1.214768601699717,-0.6788729196543789,-1.0500105419846029,0.6626841315577785,-0.5517389239095631,0.0,0.0,0.0,1.0,0.0,0
0.6212808198868245,1.4920731258759463,1.3252755513491699,-0.06773632746148955,-0.5684475348499868,0.0,0.0,0.0,0.0,1.0,3
0.24388238641250645,-0.6788729196543789,1.3252755513491699,-1.498041580795185,0.5542950336700853,1.0,0.0,0.0,0.0,0.0,3
0.3328011190415665,-1.0406972605760998,-0.2327078001923369,-1.285460043079929,-1.3701857114773315,0.0,0.0,1.0,0.0,0.0,1
0.08305024679009285,-1.0406972605760998,1.3252755513491699,-0.5416177965806348,1.2586237872018748,0.0,0.0,0.0,0.0,1.0,2
-1.1138827256855675,0.044775762189062894,-1.0500105419846029,0.3298285389995651,0.5875615669185309,0.0,0.0,0.0,1.0,0.0,0
1.1280311276649688,-1.0406972605760998,-1.0500105419846029,0.6175787158844624,0.7364280726889979,1.0,0.0,0.0,0.0,0.0,0
-1.1107791722882285,-0.6788729196543789,-1.0500105419846029,1.1975811339079159,0.8512720874308503,0.0,0.0,0.0,1.0,0.0,0
-0.9289507207239895,-1.0406972605760998,-1.0500105419846029,0.7952160615984523,-0.5453933187632372,0.0,1.0,0.0,0.0,0.0,0
-0.3652698813358601,1.4920731258759463,-1.0500105419846029,0.963884948103463,-1.3150471805181632,0.0,0.0,1.0,0.0,0.0,1
0.08354785631432146,0.044775762189062894,-0.2327078001923369,0.4296264202376099,-0.7645478937749255,1.0,0.0,0.0,0.0,0.0,2
-1.4457799840188708,-0.6788729196543789,-0.2327078001923369,0.9268178523817265,-0.046821993270259175,0.0,0.0,0.0,1.0,0.0,1
0.8300905233248213,-1.0406972605760998,-0.2327078001923369,-1.6935378911309842,-0.9076614771998891,0.0,0.0,0.0,0.0,1.0,1
0.7665681313106751,-1.0406972605760998,1.3252755513491699,1.5423352404142279,0.2901467026371195,0.0,0.0,0.0,0.0,1.0,2
-0.9621107566030989,1.4920731258759463,1.3252755513491699,0.8956640529135574,1.5682468842950692,1.0,0.0,0.0,0.0,0.0,3
-0.8357640759777639,0.044775762189062894,-1.0500105419846029,-0.013014975667413237,-0.26739285249705075,0.0,0.0,0.0,0.0,1.0,0
1.592642365542418,0.044775762189062894,-1.0500105419846029,1.270663956960557,1.5322297905121902,0.0,1.0,0.0,0.0,0.0,0
0.5140068638140733,-1.0406972605760998,-0.2327078001923369,-1.1701313012170886,0.7719940157514633,0.0,0.0,1.0,0.0,0.0,1
0.6402417460245625,-1.0406972605760998,-0.2327078001923369,-1.5469647302735239,-0.9940432048338838,0.0,0.0,0.0,0.0,1.0,1
1.420127329739394,0.044775762189062894,1.3252755513491699,-0.3298134520284323,-0.7352602593313463,0.0,0.0,1.0,0.0,0.0,3
-0.26714069386824024,-1.0406972605760998,-1.0500105419846029,0.40428259576993425,0.7124762963225938,0.0,0.0,0.0,1.0,0.0,0
-0.8311240308048539,1.4920731258759463,-0.2327078001923369,-1.0179368577935328,-1.0539872425504664,1.0,0.0,0.0,0.0,0.0,2
-0.07702671976612549,-0.6788729196543789,1.3252755513491699,0.691889017385595,1.0678741448798477,1.0,0.0,0.0,0.0,0.0,3
1.593609562311868,0.044775762189062894,-0.2327078001923369,0.31223092171737016,0.2254996080650764,0.0,0.0,1.0,0.0,0.0,2
-1.3599909965636023,-0.6788729196543789,-1.0500105419846029,0.3852517510390097,0.14571930466085067,0.0,0.0,0.0,0.0,1.0,0
-0.9023736559723211,0.044775762189062894,-1.0500105419846029,-1.0643804231435303,1.047822087010462,0.0,0.0,0.0,0.0,1.0,0
-0.6558670109463606,1.4920731258759463,1.3252755513491699,0.8141079620895789,-1.66537576601706,0.0,1.0,0.0,0.0,0.0,3
1.5873615079726109,-0.6788729196543789,-1.0500105419846029,-1.0439476615947199,-0.08270901484110559,0.0,1.0,0.0,0.0,0.0,0
-1.6670784656898092,-0.6788729196543789,1.3252755513491699,-1.0364964527410134,-0.8575019436985234,0.0,1.0,0.0,0.0,0.0,2
0.708198460494744,0.044775762189062894,-1.0500105419846029,1.4573163317740616,0.3611442012802283,0.0,0.0,1.0,0.0,0.0,1
0.5105067036060945,-1.0406972605760998,1.3252755513491699,0.5066953785918501,1.2632344052274904,0.0,0.0,0.0,1.0,0.0,3
1.7121447717615408,0.044775762189062894,-1.0500105419846029,-0.3369048823729084,0.19663360877589678,0.0,0.0,1.0,0.0,0.0,0
1.2105908663831635,-1.0406972605760998,-1.0500105419846029,0.7530417667380718,1.0672382222342816,0.0,0.0,0.0,1.0,0.0,0
1.3506752187286972,0.044775762189062894,-1.0500105419846029,-1.4285767157253748,-0.2260419450520734,0.0,1.0,0.0,0.0,0.0,0
-0.1801998660988137,-1.0406972605760998,1.3252755513491699,-0.36377861430346836,0.9595694838728083,1.0,0.0,0.0,0.0,0.0,2
0.2847715438155991,-0.6788729196543789,-1.0500105419846029,-1.4966993999233191,0.6399338020013845,0.0,1.0,0.0,0.0,0.0,0
-0.32665862818132024,0.044775762189062894,-1.0500105419846029,0.9822575346297387,0.382928441557213,0.0,0.0,0.0,0.0,1.0,1
0.94420877947286,0.044775762189062894,-1.0500105419846029,0.007973278244034026,-0.0353748099782043,0.0,1.0,0.0,0.0,0.0,0
-0.3028323916291085,1.4920731258759463,-1.0500105419846029,1.5160668764293994,-1.2830264313849067,0.0,1.0,0.0,0.0,0.0,1
0.6748067619335923,-0.6788729196543789,1.3252755513491699,-1.1413727293850926,1.5486212141950328,0.0,0.0,1.0,0.0,0.0,2
-0.23466089143408436,0.044775762189062894,-0.2327078001923369,0.8698717708989905,0.869222323033951,0.0,1.0,0.0,0.0,0.0,2
-0.24172938702733848,1.4920731258759463,1.3252755513491699,-1.571093052172157,-0.35602402864413124,0.0,0.0,1.0,0.0,0.0,3
-1.5317177846396588,0.044775762189062894,-1.0500105419846029,0.9367555268811449,-1.6883175662648007,0.0,0.0,0.0,0.0,1.0,0
-0.9476866269137556,-0.6788729196543789,-1.0500105419846029,1.5554228339937601,0.6051451928823584,0.0,0.0,0.0,0.0,1.0,0
-0.3597099577104794,1.4920731258759463,-1.0500105419846029,-0.3786208677276619,0.4484639120265033,0.0,0.0,0.0,1.0,0.0,1
-1.3473929873192199,1.4920731258759463,-1.0500105419846029,-1.3767692472079633,0.7354114248573272,0.0,0.0,1.0,0.0,0.0,1
-0.9776885490350952,-1.0406972605760998,-1.0500105419846029,-1.030337946677651,0.22143051948677986,0.0,0.0,0.0,0.0,1.0,0
0.9817445062628481,-1.0406972605760998,-1.0500105419846029,0.5888928488799284,1.0472316255068186,0.0,0.0,0.0,1.0,0.0,0
0.43561564432598426,1.4920731258759463,-1.0500105419846029,-0.7805578499786652,-0.8518989913426493,0.0,0.0,0.0,0.0,1.0,1
-0.3398346022296795,-1.0406972605760998,1.3252755513491699,0.10793657512742838,-1.3777399376601558,0.0,0.0,0.0,1.0,0.0,2
-1.1492823525792537,0.044775762189062894,-1.0500105419846029,-0.8019548466389447,0.521010719967049,0.0,0.0,0.0,0.0,1.0,0
-1.1089976298696613,1.4920731258759463,-1.0500105419846029,0.03400247290961597,0.044126112618073185,0.0,0.0,0.0,0.0,1.0,1
0.006902539167141443,0.044775762189062894,1.3252755513491699,-0.9043311751252562,-0.7633701282691162,1.0,0.0,0.0,0.0,0.0,3
0.5895344413613446,-1.0406972605760998,-0.2327078001923369,1.4950599470841406,0.2057803734423217,0.0,0.0,1.0,0.0,0.0,1
1.3973246690098786,-1.0406972605760998,-1.0500105419846029,-0.08513002365462442,0.25774953655885535,1.0,0.0,0.0,0.0,0.0,0
-0.7366169283646948,1.4920731258759463,-1.0500105419846029,-0.6749344173700453,-0.9222349335828388,1.0,0.0,0.0,0.0,0.0,1
-1.359627765335918,0.044775762189062894,-1.0500105419846029,0.9290682503181513,1.4453396410893238,1.0,0.0,0.0,0.0,0.0,0
0.1847598188958224,1.4920731258759463,1.3252755513491699,-0.4492235855380324,0.329392193500699,1.0,0.0,0.0,0.0,0.0,3
1.3179860292310595,-1.0406972605760998,-0.2327078001923369,-0.23263834337111997,-0.03332105476985956,0.0,0.0,0.0,1.0,0.0,1
1.000074812384976,1.4920731258759463,-1.0500105419846029,-1.2436382133196897,0.26455438976125106,0.0,0.0,0.0,0.0,1.0,1
-0.2768468169960912,1.4920731258759463,1.3252755513491699,-0.8284429031550706,0.3239801059158728,1.0,0.0,0.0,0.0,0.0,3
-0.25862495686398673,1.4920731258759463,1.3252755513491699,-1.3659399672064847,-1.4306203807198885,1.0,0.0,0.0,0.0,0.0,3
-0.0534607984199756,-1.0406972605760998,1.3252755513491699,-0.4198987298018682,-0.9697713248655326,1.0,0.0,0.0,0.0,0.0,2
0.6241887333404754,-0.6788729196543789,-1.0500105419846029,1.2117250521079739,1.1218462958026458,0.0,0.0,0.0,0.0,1.0,0
-1.593823652717269,1.4920731258759463,-1.0500105419846029,-0.2623997894544082,-1.4781659333568777,1.0,0.0,0.0,0.0,0.0,1
1.554491411924523,-1.0406972605760998,-0.2327078001923369,-0.07261793872324944,-0.6655904400955052,0.0,0.0,1.0,0.0,0.0,1
-1.5041697619110772,-0.6788729196543789,-0.2327078001923369,-0.6207484265016644,1.3400454507807316,0.0,0.0,0.0,1.0,0.0,1
0.1462881333247257,-1.0406972605760998,1.3252755513491699,1.2801640204164724,-1.3040411099935802,0.0,0.0,0.0,1.0,0.0,2
0.8448674463887392,1.4920731258759463,-0.2327078001923369,-0.26264385888505637,0.7260124099741779,1.0,0.0,0.0,0.0,0.0,2
1.410855045379915,-1.0406972605760998,-0.2327078001923369,-0.279462523245059,-0.4954607582025261,0.0,0.0,0.0,1.0,0.0,1
-0.08102957767013749,0.044775762189062894,-1.0500105419846029,-0.5420265665496322,-1.3042889360311092,0.0,1.0,0.0,0.0,0.0,0
-1.1165541993654389,1.4920731258759463,-1.0500105419846029,1.0503117498976329,0.8292026034445302,1.0,0.0,0.0,0.0,0.0,1
0.6756787481234673,-1.0406972605760998,1.3252755513491699,0.1947205275263661,-0.19765187722068195,0.0,0.0,0.0,0.0,1.0,3
-1.5883472606920508,-0.6788729196543789,-1.0500105419846029,-1.6667528717395634,0.4542622178183394,0.0,1.0,0.0,0.0,0.0,0
-0.8041139630155311,-1.0406972605760998,-1.0500105419846029,0.0018612295923415897,-1.5571367057886683,0.0,0.0,0.0,1.0,0.0,0
1.5466536746202784,-1.0406972605760998,-0.2327078001923369,0.9728965831968851,-1.2467022503521288,0.0,0.0,0.0,1.0,0.0,1
-1.36680884804823,-1.0406972605760998,-1.0500105419846029,1.2599145459974976,1.231490039010658,1.0,0.0,0.0,0.0,0.0,0
-1.0988736205587466,1.4920731258759463,-1.0500105419846029,0.15238937874708394,0.08194954306942859,0.0,0.0,0.0,0.0,1.0,1
0.959951406160646,0.044775762189062894,-0.2327078001923369,-0.9159163524331441,-1.30307562517558,0.0,0.0,0.0,1.0,0.0,2
-0.5540472912351843,1.4920731258759463,1.3252755513491699,-1.180499149988483,1.3774130137799985,1.0,0.0,0.0,0.0,0.0,3
0.5717239709665196,-0.6788729196543789,-1.0500105419846029,-0.4941188938353533,-0.6264531639830193,0.0,0.0,0.0,1.0,0.0,0
1.0215845059910402,1.4920731258759463,-1.0500105419846029,0.9360565375706258,0.22704527263540694,0.0,0.0,0.0,0.0,1.0,1
-0.47619314017063546,1.4920731258759463,-1.0500105419846029,-1.195011484779063,0.9854498383396068,0.0,0.0,1.0,0.0,0.0,1
0.6459542583738227,1.4920731258759463,1.3252755513491699,-0.33502438392585515,1.65650636968555,1.0,0.0,0.0,0.0,0.0,3
0.25150007658069784,-1.0406972605760998,-0.2327078001923369,0.15575893283125378,-1.0758805837639183,0.0,0.0,1.0,0.0,0.0,1
1.7415632044252025,1.4920731258759463,1.3252755513491699,0.18008055824724406,-0.5596167394877155,0.0,0.0,1.0,0.0,0.0,3
1.3985901897878459,1.4920731258759463,-1.0500105419846029,-0.47980032940156764,-0.819910369803184,1.0,0.0,0.0,0.0,0.0,1
-0.3465821649902293,1.4920731258759463,-0.2327078001923369,-1.0129560730171026,-0.25267838808828363,0.0,0.0,1.0,0.0,0.0,2
1.1732866370001989,-0.6788729196543789,-1.0500105419846029,0.6319164027057693,0.3988400424192346,1.0,0.0,0.0,0.0,0.0,0
-0.4730305377337145,-1.0406972605760998,-1.0500105419846029,0.6283434704744819,0.05019966345420041,0.0,1.0,0.0,0.0,0.0,0
-0.5663189487397654,-1.0406972605760998,-1.0500105419846029,0.08528200598761985,-1.3857871787912097,0.0,0.0,0.0,0.0,1.0,0
-0.4270980934701667,-1.0406972605760998,-0.2327078001923369,0.5778493220671764,-1.3838458955447541,0.0,0.0,0.0,1.0,0.0,1
0.8332009360348328,0.044775762189062894,-0.2327078001923369,1.6708635361386122,-0.665304805647606,0.0,1.0,0.0,0.0,0.0,2
1.595802657340135,1.4920731258759463,1.3252755513491699,-0.16186603385987527,0.11244606299538376,0.0,0.0,0.0,0.0,1.0,3
1.3995162684907516,-0.6788729196543789,1.3252755513491699,-0.19846739040066835,-0.6407910524070471,0.0,0.0,0.0,0.0,1.0,3
-1.0040518025759497,1.4920731258759463,-0.2327078001923369,0.19566342693250782,-0.1410853923402275,0.0,0.0,0.0,0.0,1.0,2
1.292845428409923,0.044775762189062894,1.3252755513491699,1.0641056756643221,1.7170229828318242,0.0,0.0,1.0,0.0,0.0,3
-0.6009518467148651,-0.6788729196543789,-0.2327078001923369,-1.0019121183667692,-0.3951171772529564,0.0,1.0,0.0,0.0,0.0,1
-1.260916526904944,1.4920731258759463,1.3252755513491699,-1.6285887219041444,1.169830770892887,0.0,0.0,1.0,0.0,0.0,3
-1.5194358103864285,-0.6788729196543789,-0.2327078001923369,1.3964539033819052,0.5877319853667851,1.0,0.0,0.0,0.0,0.0,1
-0.5213270552981358,1.4920731258759463,1.3252755513491699,-0.09762118234700816,0.47936568622049763,0.0,0.0,0.0,0.0,1.0,3
-1.0664704453014855,0.044775762189062894,-0.2327078001923369,0.33564257951482024,-0.6093558571384009,0.0,0.0,0.0,1.0,0.0,1
-0.5909668177332185,0.044775762189062894,-1.0500105419846029,-0.17179137724056243,-1.6312439086095252,0.0,1.0,0.0,0.0,0.0,0
-0.05119228680406796,-1.0406972605760998,-0.2327078001923369,-0.9790376676954581,0.1235705848118619,0.0,0.0,0.0,0.0,1.0,1
0.19025840680122233,-1.0406972605760998,1.3252755513491699,-0.2526156315174557,1.509491104532403,0.0,1.0,0.0,0.0,0.0,3
-1.2787077761624497,1.4920731258759463,-0.2327078001923369,0.13819911885951963,1.0376151385661898,1.0,0.0,0.0,0.0,0.0,2
0.7336260271140889,-0.6788729196543789,-1.0500105419846029,-0.8107549472562283,0.1226837034608781,1.0,0.0,0.0,0.0,0.0,0
0.09019564781677428,-0.6788729196543789,-0.2327078001923369,-1.681348573644677,1.30382100599291,0.0,1.0,0.0,0.0,0.0,1
1.0631898847809935,-1.0406972605760998,-0.2327078001923369,-0.28273771572143974,1.538813492844359,1.0,0.0,0.0,0.0,0.0,1
-1.6438953253281716,-1.0406972605760998,-1.0500105419846029,1.512237486387806,0.8921574585699147,0.0,0.0,0.0,0.0,1.0,0
-1.2541103310360282,0.044775762189062894,-0.2327078001923369,1.1195625305647696,-1.4087614856464352,1.0,0.0,0.0,0.0,0.0,1
1.368560816777959,1.4920731258759463,-1.0500105419846029,-0.16941279365573184,-0.727269614560001,0.0,1.0,0.0,0.0,0.0,1
1.3072384313779395,1.4920731258759463,-0.2327078001923369,0.9220311904393139,0.5994147500528043,0.0,0.0,1.0,0.0,0.0,2
-0.1417121746901959,-1.0406972605760998,-1.0500105419846029,0.7952544786692105,-0.41881537341186703,0.0,0.0,1.0,0.0,0.0,0
-0.6300895738574775,-0.6788729196543789,1.3252755513491699,-0.5665115986728256,-0.9066041567516925,0.0,0.0,0.0,0.0,1.0,2
-1.6918441435987015,-0.6788729196543789,1.3252755513491699,-0.6527993836847413,-0.6455220009341821,1.0,0.0,0.0,0.0,0.0,2
-0.4508787991144892,-0.6788729196543789,-0.2327078001923369,0.010159340164362518,0.4742524702830538,0.0,0.0,0.0,0.0,1.0,1
1.1285632438360944,1.4920731258759463,1.3252755513491699,0.23357657229735979,-0.26568014690556424,0.0,1.0,0.0,0.0,0.0,3
0.6479888843118901,1.4920731258759463,-0.2327078001923369,1.019667852632801,-1.4780732110485817,0.0,0.0,0.0,1.0,0.0,2
-1.2829677329130587,-1.0406972605760998,1.3252755513491699,0.13359267173150255,-1.172748429543785,1.0,0.0,0.0,0.0,0.0,2
-0.24511878961320382,0.044775762189062894,-1.0500105419846029,0.4129217768013826,-0.9540206893711918,1.0,0.0,0.0,0.0,0.0,0
-1.2005048771413647,-1.0406972605760998,1.3252755513491699,0.8371639833654844,-0.7073232192468539,1.0,0.0,0.0,0.0,0.0,2
1.2445975644000735,-1.0406972605760998,1.3252755513491699,-1.63374457890587,-1.013335595508487,0.0,0.0,1.0,0.0,0.0,2
-1.4911584488403788,-0.6788729196543789,1.3252755513491699,0.7869693407749921,1.297833165695609,0.0,0.0,1.0,0.0,0.0,2
1.6879472077913928,0.044775762189062894,-0.2327078001923369,-1.604933603984297,-0.8884438694377109,0.0,0.0,0.0,0.0,1.0,2
-0.5192005048513666,1.4920731258759463,-1.0500105419846029,-1.376497422578698,-0.6944515198552853,0.0,1.0,0.0,0.0,0.0,1
1.6564949770726132,0.044775762189062894,-0.2327078001923369,1.6074412819926713,0.9303712058581275,0.0,0.0,0.0,0.0,1.0,2
1.2009378417313428,0.044775762189062894,-0.2327078001923369,0.17132765551518028,-1.6004595368496972,0.0,0.0,0.0,1.0,0.0,2
1.0780484536348678,-0.6788729196543789,-1.0500105419846029,-0.2774509133916816,-0.8041305323567504,0.0,1.0,0.0,0.0,0.0,0
-0.2201787227417821,-1.0406972605760998,-1.0500105419846029,-0.33324849572457177,-0.9903366808395482,0.0,0.0,1.0,0.0,0.0,0
-1.096483450229551,1.4920731258759463,1.3252755513491699,-1.5591846122575466,-1.5390378864994665,0.0,0.0,0.0,1.0,0.0,3
0.10926391344462197,-0.6788729196543789,-1.0500105419846029,1.5591774267768679,-0.47802717946609363,0.0,1.0,0.0,0.0,0.0,0
-0.17475385020853862,-0.6788729196543789,-0.2327078001923369,-0.7296741935046652,-1.0751903778365515,0.0,1.0,0.0,0.0,0.0,1
-1.0813528165873283,-1.0406972605760998,1.3252755513491699,0.5936627408698695,1.331520469872025,1.0,0.0,0.0,0.0,0.0,2
0.3579553047810025,0.044775762189062894,1.3252755513491699,0.6709001222771892,-0.43337967436116803,0.0,0.0,1.0,0.0,0.0,3
-1.4135563230564676,-0.6788729196543789,-0.2327078001923369,-0.31866354626185744,1.4068004482675345,0.0,1.0,0.0,0.0,0.0,1
0.30457281934288205,-1.0406972605760998,-1.0500105419846029,0.8287003656452058,1.309497749488145,1.0,0.0,0.0,0.0,0.0,0
1.7578168176908588,-0.6788729196543789,1.3252755513491699,1.102966311652207,0.3809001791834878,0.0,1.0,0.0,0.0,0.0,3
-0.703021008426771,-1.0406972605760998,-0.2327078001923369,0.35938476546224174,-1.6253240212020537,0.0,0.0,0.0,1.0,0.0,1
-1.1397704398596669,1.4920731258759463,-1.0500105419846029,-0.6972927228083569,0.6043547924014813,1.0,0.0,0.0,0.0,0.0,1
1.7569404029024065,1.4920731258759463,-0.2327078001923369,-1.1359528667168415,1.174730650211758,0.0,1.0,0.0,0.0,0.0,2
-1.2136495611635945,-0.6788729196543789,1.3252755513491699,0.41470352006731004,-0.27775403846900587,0.0,0.0,0.0,1.0,0.0,3
-1.2564566280543996,0.044775762189062894,1.3252755513491699,0.7280389048334857,0.4731594949301178,0.0,0.0,1.0,0.0,0.0,3
0.5732426410721311,1.4920731258759463,1.3252755513491699,-0.9048669993986205,-0.7416224289562794,0.0,0.0,0.0,0.0,1.0,3
0.7992546189096014,0.044775762189062894,1.3252755513491699,-1.1542028557178736,0.3627695031628372,0.0,1.0,0.0,0.0,0.0,3
-1.6568126122133426,-0.6788729196543789,-0.2327078001923369,0.8374171238262716,0.19049301182516407,0.0,0.0,1.0,0.0,0.0,1
-0.9991659848509907,-1.0406972605760998,1.3252755513491699,1.4939958925194994,1.6893370244127668,0.0,1.0,0.0,0.0,0.0,3
1.4107719018933067,-0.6788729196543789,-0.2327078001923369,-1.5978652478384137,-0.8822382382421952,0.0,0.0,0.0,0.0,1.0,1
0.28397264266593564,1.4920731258759463,-1.0500105419846029,-1.3751543500851788,1.0164090225157274,0.0,0.0,0.0,0.0,1.0,1
1.760652219460732,1.4920731258759463,-1.0500105419846029,0.8106750838399139,0.12201176926486473,0.0,0.0,0.0,1.0,0.0,1
0.7737957288722699,0.044775762189062894,-0.2327078001923369,-0.7646987062905143,-0.08780793924220855,0.0,0.0,1.0,0.0,0.0,2
-1.3377131957406259,0.044775762189062894,-1.0500105419846029,-0.011811447045196474,-1.4747608572655762,0.0,0.0,0.0,1.0,0.0,0
-1.5698099869047262,-1.0406972605760998,1.3252755513491699,-1.7374761137282766,1.7427126192224893,0.0,0.0,1.0,0.0,0.0,2
1.378263018542197,1.4920731258759463,-1.0500105419846029,-0.3707680716621421,0.7276811621092136,0.0,0.0,1.0,0.0,0.0,1
0.9399921303864827,-1.0406972605760998,-0.2327078001923369,1.5082785876978129,1.5752166011501336,1.0,0.0,0.0,0.0,0.0,1
-1.1953220245192802,1.4920731258759463,1.3252755513491699,0.7779461671103675,-1.0048830115110798,0.0,0.0,1.0,0.0,0.0,3
-0.5080913873428836,-0.6788729196543789,1.3252755513491699,1.5518190364777054,1.7231625836104294,1.0,0.0,0.0,0.0,0.0,3
-0.9355167278279474,1.4920731258759463,1.3252755513491699,-1.2929566780639556,-0.6105332590000316,1.0,0.0,0.0,0.0,0.0,3
-0.26433240932201446,1.4920731258759463,-0.2327078001923369,1.10493327513075,-1.2959698216593145,1.0,0.0,0.0,0.0,0.0,2
0.5604824824164137,0.044775762189062894,1.3252755513491699,0.4842450442821028,-1.3477031982105008,0.0,0.0,0.0,1.0,0.0,3
-0.8688931276106888,-1.0406972605760998,1.3252755513491699,0.46597580651402143,-0.598630799855944,1.0,0.0,0.0,0.0,0.0,2
0.6037393334127067,-0.6788729196543789,-1.0500105419846029,1.5279962997050764,-0.8734118963331939,1.0,0.0,0.0,0.0,0.0,0
-0.1400301002833561,0.044775762189062894,-1.0500105419846029,-1.7742740057044433,0.008466833343560128,0.0,0.0,0.0,0.0,1.0,0
1.7251100230945027,-0.6788729196543789,-0.2327078001923369,-0.9160741162770416,-0.7388249860940607,0.0,0.0,1.0,0.0,0.0,2
-1.5955410032453312,1.4920731258759463,-0.2327078001923369,0.24190056158379536,0.48382515346307187,0.0,0.0,1.0,0.0,0.0,2
0.7844812463523388,0.044775762189062894,-0.2327078001923369,0.635083682222062,-1.0114026846865536,1.0,0.0,0.0,0.0,0.0,2
-1.3120462745242853,1.4920731258759463,-1.0500105419846029,-0.8385883961508139,0.6428917925963611,0.0,1.0,0.0,0.0,0.0,1
0.5099962164597247,-1.0406972605760998,-1.0500105419846029,-0.8153827722848048,0.6951871318188161,0.0,1.0,0.0,0.0,0.0,0
-0.05147116568811185,-1.0406972605760998,-0.2327078001923369,0.20900973512587986,0.5520552756305317,1.0,0.0,0.0,0.0,0.0,2
0.7002285018243483,-1.0406972605760998,1.3252755513491699,1.2167490140900312,-1.4080329313347624,0.0,0.0,0.0,0.0,1.0,3
0.3508525853161685,1.4920731258759463,1.3252755513491699,-0.4195875873830355,-0.5206765079802556,1.0,0.0,0.0,0.0,0.0,3
-0.06719181672032842,-1.0406972605760998,-1.0500105419846029,-0.7225955237010212,-0.0020002767455663765,1.0,0.0,0.0,0.0,0.0,0
-0.7290338975657799,1.4920731258759463,-1.0500105419846029,-0.43386773102334825,-0.4721850069499236,0.0,0.0,0.0,0.0,1.0,1
-0.010247315604543044,-0.6788729196543789,-1.0500105419846029,1.1129891056353496,0.3519792217006391,0.0,1.0,0.0,0.0,0.0,0
-0.3441962788784675,-1.0406972605760998,-0.2327078001923369,1.2431473686410794,0.11741270400698771,1.0,0.0,0.0,0.0,0.0,1
-0.3924729560522164,-1.0406972605760998,1.3252755513491699,-1.6893445531582372,-1.167395037798717,0.0,0.0,0.0,0.0,1.0,2
1.3060976957806043,1.4920731258759463,-1.0500105419846029,1.3821870234968454,-1.1934449066999115,0.0,0.0,1.0,0.0,0.0,1
-0.056111798864047,-0.6788729196543789,-0.2327078001923369,-0.8140777334586012,1.7073663631179585,0.0,1.0,0.0,0.0,0.0,1
1.370754817381431,-0.6788729196543789,-0.2327078001923369,-1.764736389656437,0.19386766380729625,0.0,0.0,1.0,0.0,0.0,2
-0.6617377891864512,-1.0406972605760998,-1.0500105419846029,0.9524862859854101,-0.44154671961165076,1.0,0.0,0.0,0.0,0.0,0
0.1259583429128245,0.044775762189062894,1.3252755513491699,0.04474571481406867,1.535883138250267,0.0,1.0,0.0,0.0,0.0,3
0.5695997931591376,0.044775762189062894,1.3252755513491699,0.8495225265694875,-0.5531167726369484,0.0,0.0,1.0,0.0,0.0,3
-0.4923424366425104,1.4920731258759463,-0.2327078001923369,-1.0481336080296009,0.9777528085958394,0.0,0.0,1.0,0.0,0.0,2
0.5728850560960312,1.4920731258759463,-1.0500105419846029,-0.8050519534902886,-0.02739574364928265,0.0,1.0,0.0,0.0,0.0,1
-0.02438463616053671,-0.6788729196543789,1.3252755513491699,1.7141721565414205,0.03889276442307146,1.0,0.0,0.0,0.0,0.0,3
-0.41786461696369454,1.4920731258759463,1.3252755513491699,-1.096644694339622,0.7042056241145461,1.0,0.0,0.0,0.0,0.0,3
1.325481774555315,-0.6788729196543789,-1.0500105419846029,-0.5793791152130336,1.692794744024799,0.0,1.0,0.0,0.0,0.0,0
-0.14504034684328218,1.4920731258759463,-0.2327078001923369,-0.11086881811926841,-0.5371230070765579,0.0,0.0,0.0,1.0,0.0,2
0.8667991015874507,-0.6788729196543789,-1.0500105419846029,0.38305674417569496,-1.372919937336391,0.0,0.0,1.0,0.0,0.0,0
-1.495541544725179,-1.0406972605760998,-1.0500105419846029,0.6022945478088124,0.14934338385771714,0.0,0.0,0.0,0.0,1.0,0
1.3229207058280985,-1.0406972605760998,-0.2327078001923369,-0.14240575373486616,1.7336509216782294,1.0,0.0,0.0,0.0,0.0,1
-0.02722118803475229,-0.6788729196543789,1.3252755513491699,0.40489987663475596,0.5685911286872197,0.0,1.0,0.0,0.0,0.0,2
-0.6473496469695649,0.044775762189062894,1.3252755513491699,0.005636709677352462,-1.2917714651978132,0.0,0.0,0.0,1.0,0.0,3
0.8313065182631645,0.044775762189062894,-1.0500105419846029,-0.395800887748192,-0.15781883724262025,0.0,0.0,0.0,0.0,1.0,0
0.85188922617389,1.4920731258759463,1.3252755513491699,-1.091688410125584,-1.6711736152161982,1.0,0.0,0.0,0.0,0.0,3
0.11814009599432901,1.4920731258759463,1.3252755513491699,-0.44025401017772015,-1.5225033322074515,0.0,0.0,0.0,0.0,1.0,3
1.524819243088076,0.044775762189062894,1.3252755513491699,-1.1508662329537465,1.1832616450865252,0.0,1.0,0.0,0.0,0.0,3
1.1129296153871264,1.4920731258759463,-0.2327078001923369,0.925828151291186,-1.206994043785862,0.0,0.0,0.0,0.0,1.0,2
0.6587305421891269,0.044775762189062894,1.3252755513491699,-0.16494365059699617,-1.1941388202732333,0.0,0.0,0.0,1.0,0.0,3
-1.4647892740546955,1.4920731258759463,-0.2327078001923369,-0.9782109595483683,0.9675476707854482,1.0,0.0,0.0,0.0,0.0,2
-1.0305872147219453,-1.0406972605760998,-1.0500105419846029,-1.4690434399934438,0.8634022962915444,0.0,1.0,0.0,0.0,0.0,0
0.1635417119156959,1.4920731258759463,1.3252755513491699,-0.3599955697554307,0.6171612493392734,0.0,0.0,0.0,0.0,1.0,3
1.3077819419952867,-0.6788729196543789,-0.2327078001923369,1.381845831312481,-1.114135408638639,1.0,0.0,0.0,0.0,0.0,1
0.48610920270866464,1.4920731258759463,-0.2327078001923369,-0.8852324213038946,-1.0338038045770075,0.0,0.0,0.0,1.0,0.0,2
-1.2977020591467352,0.044775762189062894,-1.0500105419846029,-1.736601894295802,0.912008731764735,0.0,1.0,0.0,0.0,0.0,0
0.049795020548484975,-1.0406972605760998,1.3252755513491699,-0.7886639474082169,-1.4387940825259748,0.0,0.0,0.0,1.0,0.0,2
-1.4984193142690652,1.4920731258759463,-0.2327078001923369,0.7534350170575381,-0.8326490306342154,1.0,0.0,0.0,0.0,0.0,2
0.0836248840732619,-0.6788729196543789,-0.2327078001923369,0.4088288464767836,1.0560319346017755,0.0,0.0,1.0,0.0,0.0,1
-1.0062380710896586,-0.6788729196543789,1.3252755513491699,-0.18284684265992923,1.050495697029601,0.0,0.0,1.0,0.0,0.0,3
0.042950378389370616,-1.0406972605760998,-1.0500105419846029,-1.0644882792347636,-0.9043285349035652,0.0,1.0,0.0,0.0,0.0,0
0.9309501891877838,1.4920731258759463,-0.2327078001923369,-1.7729647247983003,-1.5263775842500145,0.0,0.0,1.0,0.0,0.0,2
-0.44633361304615676,-1.0406972605760998,1.3252755513491699,-1.4147407128309493,-0.31390443959082825,0.0,0.0,0.0,0.0,1.0,2
0.5900030098250014,1.4920731258759463,-1.0500105419846029,-0.7970832134238798,-0.5612043863198423,0.0,1.0,0.0,0.0,0.0,1
-0.7811918593858113,-0.6788729196543789,-0.2327078001923369,0.08786580448236285,-1.1759444292914332,0.0,0.0,0.0,0.0,1.0,1
1.305798034251978,-1.0406972605760998,-1.0500105419846029,-0.8236166924599474,-0.2992766899328802,0.0,0.0,1.0,0.0,0.0,0
-1.284633293037148,0.044775762189062894,-0.2327078001923369,-0.24600163148480045,0.9872237781067355,1.0,0.0,0.0,0.0,0.0,2
-1.5522804631270835,-0.6788729196543789,1.3252755513491699,-1.0753013477183484,0.9724668579185318,0.0,1.0,0.0,0.0,0.0,2
0.4505747527996883,0.044775762189062894,-0.2327078001923369,-0.5927548561165558,0.8476509558951602,0.0,1.0,0.0,0.0,0.0,2
0.9992480497174321,-1.0406972605760998,-1.0500105419846029,-0.2011578275626196,-1.324128382529864,0.0,0.0,0.0,1.0,0.0,0
1.2397432705360052,-0.6788729196543789,-1.0500105419846029,-1.7526660400125176,-1.4084677136929626,0.0,1.0,0.0,0.0,0.0,0
0.39470015104030953,-1.0406972605760998,-0.2327078001923369,-0.6118031082408165,-1.197484534653203,0.0,0.0,0.0,1.0,0.0,1
1.3405313670486019,-0.6788729196543789,-1.0500105419846029,0.9543909812484126,-1.2797650123821551,0.0,1.0,0.0,0.0,0.0,0
-0.5637108078475926,-1.0406972605760998,-0.2327078001923369,1.018420982014622,1.5101185811669102,0.0,0.0,0.0,1.0,0.0,1
-0.7772890651327472,-0.6788729196543789,-1.0500105419846029,-1.0293724206843229,0.22611802592212635,0.0,0.0,0.0,1.0,0.0,0
-0.8980525925184571,0.044775762189062894,1.3252755513491699,0.253514831203143,1.7604068722015467,0.0,0.0,0.0,0.0,1.0,3
-0.15061061100378687,0.044775762189062894,-1.0500105419846029,0.6222847226837797,-0.3531272744030019,0.0,1.0,0.0,0.0,0.0,0
1.5471022468946485,1.4920731258759463,-0.2327078001923369,0.8266828210516067,1.0903616282945794,0.0,0.0,0.0,0.0,1.0,2
0.6914079033277444,-0.6788729196543789,-1.0500105419846029,0.2340742740464992,0.5316706372165865,0.0,0.0,0.0,1.0,0.0,0
-1.3804126043163252,-0.6788729196543789,1.3252755513491699,-0.1596756848190585,-0.2590922304415211,0.0,1.0,0.0,0.0,0.0,3
0.8483329700262525,-1.0406972605760998,1.3252755513491699,-0.863137644107259,-0.34784209772508173,0.0,0.0,0.0,1.0,0.0,3
0.7425841553868626,1.4920731258759463,1.3252755513491699,0.5453178821746192,0.8417604399716417,1.0,0.0,0.0,0.0,0.0,3
-1.276521937022183,0.044775762189062894,-0.2327078001923369,0.5203880348968042,-0.9722853660446438,0.0,0.0,1.0,0.0,0.0,2
0.0010068008939804992,0.044775762189062894,1.3252755513491699,-1.669995193386925,0.543211640753108,0.0,0.0,0.0,0.0,1.0,3
-1.0526900959546954,-1.0406972605760998,-1.0500105419846029,-0.9593642739929383,1.2493806734873008,1.0,0.0,0.0,0.0,0.0,0
0.4305997491635509,1.4920731258759463,-1.0500105419846029,-0.14325060375362073,0.0066045299741268725,0.0,0.0,1.0,0.0,0.0,1
0.20653817652816944,-1.0406972605760998,-1.0500105419846029,1.234984868350442,0.016048668924335506,0.0,1.0,0.0,0.0,0.0,0
-1.1160602325508513,0.044775762189062894,-0.2327078001923369,-1.3912860989864075,-1.2938953968186429,0.0,0.0,1.0,0.0,0.0,2
-1.395714897020897,1.4920731258759463,-0.2327078001923369,-0.997576068536228,1.2184851148213134,0.0,0.0,0.0,1.0,0.0,2
-1.14931023627202,1.4920731258759463,-0.2327078001923369,-1.7152284258746113,-0.492666188178513,0.0,0.0,1.0,0.0,0.0,2
-1.6180100014552663,-1.0406972605760998,-1.0500105419846029,1.1348334739493253,0.8431614707253959,0.0,1.0,0.0,0.0,0.0,0
1.3262276107648148,0.044775762189062894,-1.0500105419846029,0.5647567894463463,-1.6035249711385908,0.0,0.0,1.0,0.0,0.0,0
1.626317444536358,0.044775762189062894,-0.2327078001923369,1.0912221899007626,-1.291242779106658,0.0,1.0,0.0,0.0,0.0,2
0.3201155074524551,-1.0406972605760998,-0.2327078001923369,1.4174903158302516,0.8127802200328895,0.0,0.0,0.0,1.0,0.0,1
0.6187964618156528,-0.6788729196543789,-0.2327078001923369,0.15982981907975116,-0.18552632219727608,0.0,0.0,1.0,0.0,0.0,1
0.49460040228501573,-0.6788729196543789,1.3252755513491699,0.15699021995427123,0.45220613343588834,1.0,0.0,0.0,0.0,0.0,3
-0.7895814231201997,1.4920731258759463,-0.2327078001923369,1.5130672240116183,0.08394366042502963,0.0,1.0,0.0,0.0,0.0,2
-0.2502853844510395,0.044775762189062894,1.3252755513491699,-0.9493627557467922,-0.7149897005949045,0.0,0.0,1.0,0.0,0.0,3
1.1970785742734489,0.044775762189062894,-0.2327078001923369,-0.45986078339051223,1.7298920230374097,0.0,0.0,0.0,0.0,1.0,2
0.7258659226322939,0.044775762189062894,-1.0500105419846029,-0.235450210631273,0.4941121123178554,0.0,0.0,0.0,0.0,1.0,0
1.302207619742668,-1.0406972605760998,-0.2327078001923369,-0.40102706424182377,-1.5819034520862902,1.0,0.0,0.0,0.0,0.0,1
1.0597942162746488,-1.0406972605760998,1.3252755513491699,0.9695326552121839,-0.6871338044253581,0.0,0.0,0.0,1.0,0.0,3
-1.0486434177818325,-1.0406972605760998,-0.2327078001923369,0.6524678982749975,-1.443504812345,0.0,0.0,0.0,1.0,0.0,1
-0.6672519084477713,-0.6788729196543789,1.3252755513491699,0.5947224340421821,-1.045302579914543,0.0,0.0,0.0,0.0,1.0,3
-1.1330414173895047,-0.6788729196543789,1.3252755513491699,0.5447846432506543,0.4664734121042656,0.0,0.0,0.0,1.0,0.0,2
1.6833631041040804,1.4920731258759463,-1.0500105419846029,0.295487464577553,-0.8079328994860007,1.0,0.0,0.0,0.0,0.0,1
-0.06707879143927949,-1.0406972605760998,-1.0500105419846029,-0.058117701642120226,1.5102320972212697,0.0,1.0,0.0,0.0,0.0,0
-0.5371871798997712,-0.6788729196543789,-1.0500105419846029,-0.20863634637021963,-1.2214160585442202,0.0,0.0,0.0,0.0,1.0,0
-1.0971481122565492,-1.0406972605760998,1.3252755513491699,-1.3845882284341091,-1.4050581166271454,1.0,0.0,0.0,0.0,0.0,2
-0.9631719422687349,-0.6788729196543789,1.3252755513491699,0.12498939094939754,1.352683211215482,0.0,1.0,0.0,0.0,0.0,2
0.16132003813870952,0.044775762189062894,-0.2327078001923369,0.11114227726380649,-1.0074836230137887,0.0,1.0,0.0,0.0,0.0,2
0.8696069226902977,1.4920731258759463,-1.0500105419846029,-0.5618959132190222,0.44985687693564247,0.0,0.0,0.0,0.0,1.0,1
-0.9595778648819814,-0.6788729196543789,-0.2327078001923369,-1.3997416524068205,-0.2881056440587227,0.0,0.0,0.0,0.0,1.0,1
1.3190602236502802,-0.6788729196543789,1.3252755513491699,-1.622008159265329,1.757195439214181,0.0,1.0,0.0,0.0,0.0,3
0.02578388918079509,-0.6788729196543789,-1.0500105419846029,-1.638240676092173,0.9691784333656146,1.0,0.0,0.0,0.0,0.0,0
-0.938354000848491,0.044775762189062894,-0.2327078001923369,0.8889575678184278,-1.0156274026007217,0.0,1.0,0.0,0.0,0.0,2
0.6489381841428169,-1.0406972605760998,-1.0500105419846029,0.8360310748618992,-1.6635778057982624,0.0,1.0,0.0,0.0,0.0,0
0.1422720482491424,1.4920731258759463,1.3252755513491699,0.26383182776803266,0.16987493306288104,0.0,0.0,0.0,0.0,1.0,3
-1.2409865582769022,1.4920731258759463,1.3252755513491699,1.298340852063658,0.9384319280839644,0.0,0.0,0.0,0.0,1.0,3
-1.554190798177271,1.4920731258759463,-1.0500105419846029,0.9165521857962579,-1.2481046802702798,0.0,0.0,0.0,0.0,1.0,1
1.0196289869533444,-1.0406972605760998,-1.0500105419846029,0.5939466885749385,0.6512102052948988,0.0,0.0,1.0,0.0,0.0,0
0.5579232066377258,-1.0406972605760998,1.3252755513491699,-1.2635913653949102,-1.599630241174514,0.0,0.0,0.0,1.0,0.0,2
1.2467870750337433,-1.0406972605760998,-0.2327078001923369,0.011727456798861283,-0.40294514806311016,0.0,0.0,1.0,0.0,0.0,1
0.37265997351897634,1.4920731258759463,-0.2327078001923369,-0.26151686704323207,1.5328583501073494,0.0,0.0,0.0,0.0,1.0,2
-1.4993793463116034,-0.6788729196543789,1.3252755513491699,-1.1200861281449883,1.089911345336654,0.0,0.0,0.0,0.0,1.0,3
-0.51703502832367,-0.6788729196543789,-1.0500105419846029,0.666813486160739,1.750778759100419,0.0,1.0,0.0,0.0,0.0,0
-1.3642364759152439,-1.0406972605760998,-0.2327078001923369,0.09755982125438574,1.1659058051390063,0.0,0.0,0.0,1.0,0.0,1
1.2475507034420341,-1.0406972605760998,-1.0500105419846029,1.4162941838286072,-1.0165323904096049,0.0,1.0,0.0,0.0,0.0,0
1.7117741666671538,-0.6788729196543789,1.3252755513491699,-0.2849302547934253,1.4357344793992761,0.0,1.0,0.0,0.0,0.0,3
1.724633878948746,1.4920731258759463,-1.0500105419846029,-0.5713736451903252,0.2972813299511776,0.0,0.0,0.0,1.0,0.0,1
0.13222114735699675,1.4920731258759463,1.3252755513491699,0.25096003888877105,1.4404818173037486,0.0,0.0,1.0,0.0,0.0,3
-0.5606465278343641,-1.0406972605760998,-1.0500105419846029,0.03881507252713906,1.0313263384875677,0.0,1.0,0.0,0.0,0.0,0
0.8922037419146671,-1.0406972605760998,-1.0500105419846029,-0.3458537152513286,-0.835694388091783,0.0,0.0,1.0,0.0,0.0,0
-1.342330563282531,-0.6788729196543789,-1.0500105419846029,0.896927405519669,-1.5495127844391132,0.0,0.0,0.0,0.0,1.0,0
1.0774445052667811,0.044775762189062894,-1.0500105419846029,-0.031445250568096904,-0.5898251099352021,0.0,0.0,1.0,0.0,0.0,0
0.6998456252656609,0.044775762189062894,-0.2327078001923369,-0.6761820153365125,0.7777558219176444,1.0,0.0,0.0,0.0,0.0,2
0.92119481169241,-1.0406972605760998,1.3252755513491699,0.7193227045508045,0.8394591643707306,0.0,0.0,0.0,0.0,1.0,3
0.3076235716624611,-1.0406972605760998,1.3252755513491699,0.4626510999239444,-1.4778017748117904,0.0,1.0,0.0,0.0,0.0,2
1.30655385841709,0.044775762189062894,-1.0500105419846029,0.6369541149588025,1.4539105842542894,1.0,0.0,0.0,0.0,0.0,0
0.4954389385798509,-1.0406972605760998,-0.2327078001923369,-1.523044849146503,-1.5468156791758334,0.0,0.0,0.0,1.0,0.0,1
-1.4353833319520062,-1.0406972605760998,1.3252755513491699,-1.220676644951667,-1.0960672808945575,0.0,1.0,0.0,0.0,0.0,2
1.487207230261802,-0.6788729196543789,1.3252755513491699,-0.707331178094126,-1.5139648345164713,0.0,1.0,0.0,0.0,0.0,3
-1.6444901396883906,0.044775762189062894,1.3252755513491699,1.2056731086392678,1.5386208193221875,1.0,0.0,0.0,0.0,0.0,3
-1.2759500870378235,0.044775762189062894,-0.2327078001923369,0.37682443624666573,-0.6729637722303222,0.0,0.0,1.0,0.0,0.0,1
0.8056900394495834,1.4920731258759463,-0.2327078001923369,-0.7171149492939373,-1.2550068570783923,1.0,0.0,0.0,0.0,0.0,2
-0.779514792902439,-0.6788729196543789,1.3252755513491699,-0.6251676132116527,-1.5738141832555732,0.0,1.0,0.0,0.0,0.0,3
-0.6937193705028799,1.4920731258759463,-1.0500105419846029,1.3181100739148977,0.928904253530083,0.0,0.0,1.0,0.0,0.0,1
0.3559581748865534,1.4920731258759463,1.3252755513491699,-1.0680913972650192,1.12654277642318,0.0,0.0,0.0,1.0,0.0,3
-1.307426171370814,0.044775762189062894,-0.2327078001923369,-1.6471745574482537,-0.24956012995018106,1.0,0.0,0.0,0.0,0.0,1
-0.5028471237612983,-0.6788729196543789,1.3252755513491699,1.2180178067025422,1.6947271078508441,0.0,1.0,0.0,0.0,0.0,2
-1.1018858109595095,-0.6788729196543789,-1.0500105419846029,1.112531180298054,-0.03980817913281558,0.0,0.0,0.0,1.0,0.0,0
-0.1252277159844858,-0.6788729196543789,1.3252755513491699,1.325686220083107,0.4716945618228378,0.0,1.0,0.0,0.0,0.0,2
1.3129501307625469,-0.6788729196543789,1.3252755513491699,-0.17874406185307012,1.6873998616009718,0.0,1.0,0.0,0.0,0.0,3
-1.6318640177695738,-0.6788729196543789,-0.2327078001923369,0.24954672545015688,-1.652641997212763,1.0,0.0,0.0,0.0,0.0,1
0.8488531589563922,-0.6788729196543789,1.3252755513491699,0.4380677431160178,1.4529426222252424,0.0,1.0,0.0,0.0,0.0,3
0.9656142606310336,1.4920731258759463,-0.2327078001923369,1.0241486929116905,0.7018182482617062,0.0,0.0,0.0,0.0,1.0,2
0.746521805559733,-1.0406972605760998,-1.0500105419846029,1.4739357845346,-0.5706320171501952,0.0,0.0,0.0,1.0,0.0,0
0.6995509519417995,0.044775762189062894,1.3252755513491699,1.501429671151096,1.6671269686675294,0.0,0.0,0.0,0.0,1.0,3
-1.6957839076309784,-0.6788729196543789,1.3252755513491699,1.7093890594291143,1.1007370913711574,0.0,1.0,0.0,0.0,0.0,2
0.6805539409565577,-1.0406972605760998,-1.0500105419846029,-0.6060296414794445,1.5168712422801074,1.0,0.0,0.0,0.0,0.0,0
0.3402245572600936,1.4920731258759463,-0.2327078001923369,-1.5989287587493828,0.34658015352673743,0.0,1.0,0.0,0.0,0.0,2
0.29132216776628417,-0.6788729196543789,-1.0500105419846029,0.32963872969768104,0.16269406579796597,0.0,0.0,0.0,0.0,1.0,0
-1.1265790916562894,0.044775762189062894,-1.0500105419846029,0.32220384425065934,-0.7858568738906262,0.0,0.0,0.0,0.0,1.0,0
-0.786096537572741,1.4920731258759463,1.3252755513491699,1.6886452556377183,-0.1503365684932,0.0,0.0,0.0,1.0,0.0,3
0.7399123143796044,-1.0406972605760998,-1.0500105419846029,0.8358755987472364,0.2789424042344987,0.0,0.0,0.0,0.0,1.0,0
-1.4443173952594746,0.044775762189062894,1.3252755513491699,-0.5455208199588188,1.7529638237108236,0.0,0.0,0.0,0.0,1.0,3
-0.5889640841192316,-0.6788729196543789,1.3252755513491699,1.541486392409802,0.6738730610949927,1.0,0.0,0.0,0.0,0.0,3
-1.4343026237397312,1.4920731258759463,-1.0500105419846029,-1.183664414259102,-0.5788531163745431,0.0,1.0,0.0,0.0,0.0,1
1.0325360000901616,-0.6788729196543789,1.3252755513491699,-1.7341605239173403,-0.9257255594761213,1.0,0.0,0.0,0.0,0.0,2
1.0313735242016817,-0.6788729196543789,-1.0500105419846029,-0.9816876625625475,0.7316305797209984,0.0,0.0,0.0,1.0,0.0,0
-0.35490899603862786,-0.6788729196543789,-0.2327078001923369,0.03530253489829487,1.4670756121083859,0.0,0.0,0.0,0.0,1.0,1
0.45070262307049264,-0.6788729196543789,1.3252755513491699,-0.3930599970148508,-1.387587350381575,0.0,0.0,1.0,0.0,0.0,3
-1.2694987434898677,-1.0406972605760998,-0.2327078001923369,-1.4061306629535468,-1.453690114331676,0.0,0.0,1.0,0.0,0.0,1
1.5791739531140692,1.4920731258759463,1.3252755513491699,0.9676207534837565,1.7368383312076752,0.0,0.0,0.0,1.0,0.0,3
1.6588919653492225,-1.0406972605760998,-1.0500105419846029,1.576624419498526,1.1479162845333013,1.0,0.0,0.0,0.0,0.0,0
-0.4290707829194643,-0.6788729196543789,-1.0500105419846029,-1.6454650565402122,0.145400474309535,0.0,0.0,1.0,0.0,0.0,0
0.9525386741575316,0.044775762189062894,1.3252755513491699,0.07683939194722295,-0.3073442437983312,0.0,0.0,0.0,1.0,0.0,3
-0.3358168228059997,0.044775762189062894,-0.2327078001923369,0.9824688369556539,0.7959865126785984,1.0,0.0,0.0,0.0,0.0,2
-0.9287607925775883,-1.0406972605760998,-1.0500105419846029,-0.4799220539980354,1.012021475920392,0.0,0.0,1.0,0.0,0.0,0
1.6114613420647943,0.044775762189062894,-0.2327078001923369,1.4305309629582377,1.4857731959563707,0.0,0.0,0.0,1.0,0.0,2
1.203679337508596,1.4920731258759463,-1.0500105419846029,1.3940747795795407,0.2703563779130944,0.0,0.0,0.0,1.0,0.0,1
0.15673411334071047,0.044775762189062894,-1.0500105419846029,-0.3040446185695433,0.9446588859576459,1.0,0.0,0.0,0.0,0.0,1
0.347670216354265,-1.0406972605760998,-0.2327078001923369,-0.16748731579376047,-0.8837479469267838,0.0,0.0,0.0,1.0,0.0,1
-1.5962134708849527,-0.6788729196543789,-0.2327078001923369,1.5204925199912351,1.3961183775792343,0.0,1.0,0.0,0.0,0.0,1
0.4032058639103925,1.4920731258759463,-1.0500105419846029,-0.32150178066620144,-1.1093419405837037,0.0,0.0,0.0,1.0,0.0,1
0.342289464838361,1.4920731258759463,-1.0500105419846029,-1.0778680299141103,1.31599404242089,0.0,0.0,0.0,1.0,0.0,1
0.3941107413449201,0.044775762189062894,-0.2327078001923369,-0.24938532897896987,-1.4774642170378656,1.0,0.0,0.0,0.0,0.0,2
1.329069963473873,1.4920731258759463,-1.0500105419846029,0.7449442184807703,-1.4581185105382113,0.0,0.0,1.0,0.0,0.0,1
-0.7647923382508823,-1.0406972605760998,-1.0500105419846029,-0.12333214498614957,-1.2677444307298473,1.0,0.0,0.0,0.0,0.0,0
0.5019399156345608,0.044775762189062894,-1.0500105419846029,0.4218981775272856,1.4868891669903712,0.0,1.0,0.0,0.0,0.0,0
-0.30922811021914076,-1.0406972605760998,-1.0500105419846029,-0.4693397132161669,-0.8459008733352227,0.0,0.0,1.0,0.0,0.0,0
-1.6076531016929856,-0.6788729196543789,-1.0500105419846029,1.6853756921829819,-0.9541879809946331,0.0,1.0,0.0,0.0,0.0,0
-0.22524734954122438,1.4920731258759463,-1.0500105419846029,-0.24006573663092204,-1.6233882742639862,0.0,0.0,0.0,0.0,1.0,1
-1.670439487934578,-1.0406972605760998,-0.2327078001923369,1.4496046182861775,-0.5602200333528229,0.0,0.0,0.0,1.0,0.0,1
-0.7718729128555574,0.044775762189062894,-0.2327078001923369,-1.0952540717040558,0.2279621872605912,1.0,0.0,0.0,0.0,0.0,2
1.5673236665706909,-0.6788729196543789,1.3252755513491699,-0.05037368904896679,-1.4234057508260138,0.0,1.0,0.0,0.0,0.0,3
-1.390790371797357,-0.6788729196543789,-1.0500105419846029,0.9497631205383702,-0.6019767981155089,0.0,0.0,1.0,0.0,0.0,0
-0.2718499841136384,-0.6788729196543789,-0.2327078001923369,0.8562670568294992,-0.4082131371492186,0.0,1.0,0.0,0.0,0.0,1
1.2780107073347817,-1.0406972605760998,-0.2327078001923369,0.5839163510094089,1.0164681368320856,1.0,0.0,0.0,0.0,0.0,1
1.284637131051403,1.4920731258759463,1.3252755513491699,1.469764292455579,0.05443264106450926,0.0,1.0,0.0,0.0,0.0,3
0.06869007573272425,0.044775762189062894,-0.2327078001923369,1.6359516931840992,0.8137737234773343,1.0,0.0,0.0,0.0,0.0,2
-1.5868753325811045,-0.6788729196543789,1.3252755513491699,-0.8522920413197672,0.8460216011358478,1.0,0.0,0.0,0.0,0.0,3
1.1343509796945732,-0.6788729196543789,-1.0500105419846029,0.449721973329105,-1.64177232473049,0.0,0.0,0.0,1.0,0.0,0
-0.8826603502717627,-0.6788729196543789,1.3252755513491699,0.8090411035862143,-0.7234867620223833,0.0,0.0,0.0,0.0,1.0,2
0.08604896539018311,1.4920731258759463,1.3252755513491699,-1.7820267957930271,1.1067559376871525,1.0,0.0,0.0,0.0,0.0,3
0.45884339058640755,1.4920731258759463,-0.2327078001923369,-0.1554127250916778,1.523262621046264,0.0,0.0,0.0,1.0,0.0,2
-0.6422568663977282,-1.0406972605760998,1.3252755513491699,-0.23173814603311627,0.6349459197660428,1.0,0.0,0.0,0.0,0.0,2
0.25475349579416545,-1.0406972605760998,-1.0500105419846029,-0.22440469765463814,-0.5872308463526019,0.0,0.0,1.0,0.0,0.0,0
-1.5232259992110408,0.044775762189062894,1.3252755513491699,-1.052046050902144,1.2997791359253859,0.0,0.0,1.0,0.0,0.0,3
1.0515161537204032,-1.0406972605760998,-0.2327078001923369,1.2425297098145782,0.6439848622667992,0.0,0.0,0.0,1.0,0.0,1
1.6481903725680076,0.044775762189062894,-1.0500105419846029,1.3683692458713579,1.1503894742337153,0.0,1.0,0.0,0.0,0.0,0
1.342426890287953,-1.0406972605760998,-1.0500105419846029,-0.759661994568935,-0.14728627308404105,1.0,0.0,0.0,0.0,0.0,0
0.4633441885503285,-1.0406972605760998,-1.0500105419846029,0.11016913131532576,-1.1562081756499083,0.0,0.0,1.0,0.0,0.0,0
-1.4348269658167645,0.044775762189062894,-0.2327078001923369,0.6530754826139384,1.0139995624213367,0.0,0.0,0.0,1.0,0.0,1
-0.6017876667550057,-0.6788729196543789,-1.0500105419846029,0.6051075478981227,1.0194710762595858,0.0,0.0,0.0,1.0,0.0,0
1.157866136459784,0.044775762189062894,1.3252755513491699,-0.29517454733099857,1.4090879938576117,0.0,1.0,0.0,0.0,0.0,3
0.6011857953980431,1.4920731258759463,1.3252755513491699,-0.3770709177878029,-0.604667338349797,1.0,0.0,0.0,0.0,0.0,3
0.34977711250669546,1.4920731258759463,1.3252755513491699,-0.7682870231870541,1.2090194296773316,0.0,0.0,1.0,0.0,0.0,3
-0.22728431852260753,-0.6788729196543789,1.3252755513491699,-0.695511932681801,0.31724758956667665,0.0,0.0,0.0,0.0,1.0,3
1.2070526953934362,0.044775762189062894,-0.2327078001923369,1.6933360881487571,-0.3860941862555745,1.0,0.0,0.0,0.0,0.0,2
0.4295193470449504,-1.0406972605760998,1.3252755513491699,1.5077085829093144,1.1229300610448916,0.0,0.0,1.0,0.0,0.0,2
-0.3007316603551962,0.044775762189062894,-1.0500105419846029,-1.0862046493682704,0.1278506739600626,0.0,0.0,0.0,0.0,1.0,0
0.41581301879300586,1.4920731258759463,-1.0500105419846029,-0.966923472867572,0.8890679726632801,0.0,0.0,0.0,0.0,1.0,1
1.2873779210439398,1.4920731258759463,1.3252755513491699,-1.5817941205437622,-0.6239246076681828,1.0,0.0,0.0,0.0,0.0,3
0.5196320479560468,-0.6788729196543789,-1.0500105419846029,0.4535114235033981,1.5599971620705533,0.0,0.0,0.0,0.0,1.0,0
1.0882030343542162,-1.0406972605760998,-1.0500105419846029,-1.0750193976334694,1.056258680150622,0.0,0.0,0.0,1.0,0.0,0
-0.5603720010473522,0.044775762189062894,1.3252755513491699,0.17208241747380365,-0.9213187177583301,0.0,0.0,1.0,0.0,0.0,3
-0.8423907678629904,-1.0406972605760998,1.3252755513491699,1.0096049463944594,0.8208330402191987,0.0,1.0,0.0,0.0,0.0,2
0.253337275970004,-0.6788729196543789,1.3252755513491699,1.4590253343098345,-1.0616949088980367,0.0,0.0,0.0,0.0,1.0,3
-1.4273525562132088,1.4920731258759463,1.3252755513491699,1.3630368130078694,-1.639186031538936,0.0,0.0,1.0,0.0,0.0,3
-0.02989074911651833,1.4920731258759463,-1.0500105419846029,0.1471093729798358,-0.8111441572222264,0.0,0.0,1.0,0.0,0.0,1
-1.6236729013244644,-1.0406972605760998,-1.0500105419846029,1.055474765097404,-1.4841361217415179,0.0,0.0,0.0,0.0,1.0,0
-1.1874186849342643,-0.6788729196543789,-0.2327078001923369,-1.752707571704593,-0.47127557421539956,0.0,1.0,0.0,0.0,0.0,1
-0.04853912473957785,1.4920731258759463,-0.2327078001923369,1.3765347375172918,0.7847823687415062,0.0,0.0,1.0,0.0,0.0,2
1.1299098591958812,-1.0406972605760998,1.3252755513491699,-1.7704453410972034,1.0912740273093884,0.0,0.0,0.0,0.0,1.0,3
1.4177502575154906,0.044775762189062894,-1.0500105419846029,0.10887992193316633,0.2865891014153191,1.0,0.0,0.0,0.0,0.0,0
-0.3883119490268932,0.044775762189062894,1.3252755513491699,1.6741781816763464,-0.6401416582409363,0.0,0.0,0.0,1.0,0.0,3
0.6803375696034901,1.4920731258759463,1.3252755513491699,0.42753591967188154,1.6241417006077685,0.0,0.0,1.0,0.0,0.0,3
0.6585647198312786,-1.0406972605760998,-1.0500105419846029,0.9689366138556637,1.4374108255582905,1.0,0.0,0.0,0.0,0.0,0
-0.1534543955166188,-0.6788729196543789,1.3252755513491699,0.9378143574412237,1.269739474525248,1.0,0.0,0.0,0.0,0.0,3
0.4054724946120763,0.044775762189062894,1.3252755513491699,1.193552099621914,-0.7904094514486146,0.0,0.0,0.0,0.0,1.0,3
-1.1050105834904258,-0.6788729196543789,-1.0500105419846029,-1.2461422779574423,-1.0618808137138214,0.0,0.0,0.0,0.0,1.0,0
0.104923740606153,-1.0406972605760998,-0.2327078001923369,-1.1169846126968486,-0.12701336783667905,1.0,0.0,0.0,0.0,0.0,1
-1.4221634264831085,-0.6788729196543789,-1.0500105419846029,-0.9490766682467642,-1.0940543718328724,0.0,0.0,1.0,0.0,0.0,0
1.5298374857145183,1.4920731258759463,-0.2327078001923369,0.7127710401233175,0.053942430764395276,0.0,0.0,0.0,1.0,0.0,2
-0.2573504271942151,-1.0406972605760998,-1.0500105419846029,-1.20203315031247,0.022701620276761265,0.0,0.0,1.0,0.0,0.0,0
-0.9161567465349648,1.4920731258759463,-1.0500105419846029,-0.9362140008946302,0.14451309479394303,0.0,0.0,0.0,0.0,1.0,1
-1.4967156517608493,-0.6788729196543789,-0.2327078001923369,0.3154860665514056,-0.07561481080601601,1.0,0.0,0.0,0.0,0.0,1
-0.6296813669776683,-0.6788729196543789,-1.0500105419846029,-1.3342789351280742,-0.6532442566789372,0.0,0.0,0.0,0.0,1.0,0
-1.6278723140281517,-1.0406972605760998,-1.0500105419846029,0.7714326427771434,-0.008014475368002575,0.0,0.0,1.0,0.0,0.0,0
-0.9023708333882724,1.4920731258759463,-0.2327078001923369,-0.12074166670711124,-0.9354041835609824,0.0,0.0,1.0,0.0,0.0,2
-1.626942686416662,-1.0406972605760998,-1.0500105419846029,-1.3528437713413117,-1.0564143978117415,0.0,1.0,0.0,0.0,0.0,0
-1.3696824889319206,-0.6788729196543789,-1.0500105419846029,0.7723049916220319,0.6355747273846295,0.0,0.0,0.0,1.0,0.0,0
0.19907565418563544,-0.6788729196543789,1.3252755513491699,-1.3815117814356574,-0.38025917370328616,0.0,0.0,1.0,0.0,0.0,3
0.02448434856267346,-0.6788729196543789,-1.0500105419846029,-1.7234753766159743,0.33531374083801535,0.0,1.0,0.0,0.0,0.0,0
-0.8350153657283637,0.044775762189062894,-1.0500105419846029,-0.506761422990847,1.4660237262814892,0.0,0.0,1.0,0.0,0.0,0
-0.8866079211952768,-1.0406972605760998,1.3252755513491699,-0.4602084015504027,-0.5643218242631256,0.0,0.0,1.0,0.0,0.0,2
-0.6179644463247727,-1.0406972605760998,-1.0500105419846029,1.3160437417775304,-0.711980178154822,0.0,1.0,0.0,0.0,0.0,0
-0.24207231475996102,-1.0406972605760998,-0.2327078001923369,1.348450665687073,0.1991191843451743,0.0,0.0,1.0,0.0,0.0,1
-0.040829091312183347,1.4920731258759463,-0.2327078001923369,1.416429745433763,1.409057933353064,0.0,0.0,0.0,0.0,1.0,2
0.9139272727481449,0.044775762189062894,-0.2327078001923369,0.9614026069118458,0.7647189751405273,1.0,0.0,0.0,0.0,0.0,2
1.0904295377839055,1.4920731258759463,-1.0500105419846029,-1.0546901318293527,-0.33941988124058226,0.0,1.0,0.0,0.0,0.0,1
0.8245767736074909,-1.0406972605760998,1.3252755513491699,1.5209420576023807,-0.20700800971930583,0.0,0.0,0.0,0.0,1.0,3
-1.6556017094791364,0.044775762189062894,-1.0500105419846029,-0.4374067424116371,-1.266664148645067,1.0,0.0,0.0,0.0,0.0,0
-0.2859696355846458,0.044775762189062894,1.3252755513491699,-0.7602708780660152,-1.2670771840833146,0.0,1.0,0.0,0.0,0.0,3
0.9018563441357417,0.044775762189062894,-0.2327078001923369,0.428749382266897,1.0858723495988385,1.0,0.0,0.0,0.0,0.0,2
1.4681425129602574,-0.6788729196543789,-0.2327078001923369,-1.6172237352505874,1.0807568000581305,1.0,0.0,0.0,0.0,0.0,1
-0.7283304548920254,1.4920731258759463,1.3252755513491699,-0.6997091122978409,-0.5214713144525593,0.0,1.0,0.0,0.0,0.0,3
-0.5439897732703184,1.4920731258759463,-1.0500105419846029,1.3834795845396837,0.014163959550641784,0.0,0.0,0.0,0.0,1.0,1
0.4973013794673469,-0.6788729196543789,1.3252755513491699,-1.6088822091194377,0.3925817608246596,0.0,1.0,0.0,0.0,0.0,2
1.5704201056737113,1.4920731258759463,-1.0500105419846029,1.3304139710351575,-0.7955991031843088,1.0,0.0,0.0,0.0,0.0,1
-1.1519388936743695,1.4920731258759463,1.3252755513491699,-1.5218575350198205,0.8268129543176745,1.0,0.0,0.0,0.0,0.0,3
0.6511044645873728,-1.0406972605760998,1.3252755513491699,0.3067712688041624,-0.3156918895251699,1.0,0.0,0.0,0.0,0.0,2
-0.5954189439049798,-1.0406972605760998,-0.2327078001923369,1.1224667671460524,1.299762821440788,0.0,0.0,1.0,0.0,0.0,1
-0.1570129194720724,-1.0406972605760998,-1.0500105419846029,1.355845293449774,-0.5144795777034472,0.0,0.0,1.0,0.0,0.0,0
1.262510304260858,-0.6788729196543789,-0.2327078001923369,0.13912591364281823,-1.344407103312583,0.0,0.0,0.0,0.0,1.0,1
1.116377620042562,-0.6788729196543789,-1.0500105419846029,-0.686267803540518,1.2657547718813944,0.0,0.0,0.0,1.0,0.0,0
0.1726058827356613,-1.0406972605760998,-1.0500105419846029,0.6765978726058651,0.38031477507999556,1.0,0.0,0.0,0.0,0.0,0
0.8159552663247405,1.4920731258759463,-0.2327078001923369,1.2297262700517229,1.4063183976191296,0.0,0.0,1.0,0.0,0.0,2
0.04213463271399683,0.044775762189062894,-1.0500105419846029,1.0184179925391552,-1.1650286307177806,0.0,0.0,0.0,1.0,0.0,0
-1.1477390313810978,-1.0406972605760998,-1.0500105419846029,1.6319944548522374,-0.09801501271268981,0.0,1.0,0.0,0.0,0.0,0
1.7211773300968385,-1.0406972605760998,-0.2327078001923369,-0.4870736009568065,0.6899435313379813,0.0,1.0,0.0,0.0,0.0,1
-0.17230050979930744,-0.6788729196543789,-1.0500105419846029,-1.0860866117740755,1.1224710872776773,0.0,0.0,1.0,0.0,0.0,0
1.4177345623182487,0.044775762189062894,-1.0500105419846029,0.1295272662210498,-1.1147370719274705,0.0,0.0,1.0,0.0,0.0,0
0.1568330479656199,-0.6788729196543789,1.3252755513491699,0.3353155968501191,-0.09909892820022828,1.0,0.0,0.0,0.0,0.0,2
0.10676868458017769,-1.0406972605760998,-1.0500105419846029,-1.0383829782068306,-1.5925882624563923,0.0,0.0,0.0,1.0,0.0,0
-0.3375438703408654,-0.6788729196543789,-1.0500105419846029,1.0053733256339479,-0.06636083559656095,0.0,0.0,1.0,0.0,0.0,0
-0.02851447130107316,1.4920731258759463,1.3252755513491699,-1.0056362982084917,0.06984599785222517,1.0,0.0,0.0,0.0,0.0,3
0.6054615342610844,-0.6788729196543789,1.3252755513491699,0.2999764641802816,-0.8112433356132273,0.0,0.0,0.0,1.0,0.0,3
-1.0134001884449069,1.4920731258759463,-0.2327078001923369,0.18464915981735527,1.466754574364502,0.0,0.0,1.0,0.0,0.0,2
1.0045103297545828,1.4920731258759463,-1.0500105419846029,0.04765080719416108,-0.16576400791364995,0.0,1.0,0.0,0.0,0.0,1
1.7658340992747183,0.044775762189062894,-0.2327078001923369,0.3988286527511026,-1.5028433869432343,0.0,0.0,0.0,1.0,0.0,2
0.29757514393807916,-0.6788729196543789,-0.2327078001923369,0.8567572707419497,0.753422413213233,1.0,0.0,0.0,0.0,0.0,2
0.5748832444953187,0.044775762189062894,1.3252755513491699,-1.2318919247563318,-0.5148344855472391,0.0,0.0,0.0,0.0,1.0,3
-0.9184271272182731,-1.0406972605760998,-0.2327078001923369,-1.7464836487101274,0.5674333811748528,0.0,0.0,1.0,0.0,0.0,1
1.2227977285505336,-0.6788729196543789,-1.0500105419846029,-0.19556999402551745,-1.5002833865084182,0.0,0.0,0.0,1.0,0.0,0
0.2923325173386367,0.044775762189062894,1.3252755513491699,0.559951261080282,0.7838077695171771,1.0,0.0,0.0,0.0,0.0,3
-0.14298178897070984,0.044775762189062894,-0.2327078001923369,0.38429384609334377,0.3149846994476332,0.0,0.0,0.0,0.0,1.0,2
1.0584366756246926,-0.6788729196543789,-0.2327078001923369,-0.476546295393678,-0.4436232887893075,0.0,0.0,0.0,1.0,0.0,1
-0.8128255416287217,1.4920731258759463,1.3252755513491699,-1.3083197387270185,1.2061047598340056,0.0,0.0,0.0,0.0,1.0,3
0.3905323935604181,-1.0406972605760998,-1.0500105419846029,0.8953763680473312,-0.6031442624027291,0.0,0.0,0.0,0.0,1.0,0
-1.36968622715809,-1.0406972605760998,-0.2327078001923369,0.2536534249298523,0.45276612313373504,0.0,0.0,1.0,0.0,0.0,1
0.5726203220256397,1.4920731258759463,-0.2327078001923369,1.4260668001774122,-0.5448065365338481,0.0,0.0,0.0,1.0,0.0,2
-0.5060371612872006,-1.0406972605760998,-0.2327078001923369,1.2407953549342547,-0.748240150593252,0.0,0.0,0.0,1.0,0.0,1
-0.7954859970164332,1.4920731258759463,1.3252755513491699,-0.9158415153450389,0.9617680934204077,1.0,0.0,0.0,0.0,0.0,3
0.827865361544103,1.4920731258759463,-1.0500105419846029,1.3063375012612617,-0.8451019741712763,0.0,0.0,1.0,0.0,0.0,1
-0.23615450559300125,0.044775762189062894,-0.2327078001923369,0.21754462234474603,1.1949713962372348,0.0,0.0,0.0,0.0,1.0,2
0.59047006854489,1.4920731258759463,-1.0500105419846029,0.13079834677006982,-1.6857462374000856,0.0,0.0,0.0,1.0,0.0,1
0.9854891642024626,1.4920731258759463,-0.2327078001923369,1.4889919713442727,-1.4843827397368738,0.0,1.0,0.0,0.0,0.0,2
1.2579176330681896,-1.0406972605760998,-1.0500105419846029,-1.7209260180585515,0.3671948059838279,0.0,0.0,0.0,1.0,0.0,0
0.08277130455879345,0.044775762189062894,-1.0500105419846029,1.0107871997756543,-1.0159298774957977,0.0,1.0,0.0,0.0,0.0,0
-0.05368218671304362,1.4920731258759463,1.3252755513491699,-0.7496861995664825,0.5710635220354229,1.0,0.0,0.0,0.0,0.0,3
0.10221615454689557,1.4920731258759463,1.3252755513491699,-1.0709601135613243,0.19943686302171543,0.0,0.0,0.0,1.0,0.0,3
1.2221441033761353,1.4920731258759463,1.3252755513491699,0.5419974657734423,-1.603754014238633,0.0,0.0,1.0,0.0,0.0,3
-0.21144940599250608,1.4920731258759463,-0.2327078001923369,-0.34696462307716114,-0.6547988223665204,1.0,0.0,0.0,0.0,0.0,2
0.08126524368105699,-1.0406972605760998,1.3252755513491699,1.5406025519094704,-1.6196576400146498,0.0,0.0,0.0,1.0,0.0,3
1.3445378165633013,0.044775762189062894,-0.2327078001923369,-1.077057112736773,0.2163612177080023,1.0,0.0,0.0,0.0,0.0,2
-0.2711985561653837,-1.0406972605760998,-0.2327078001923369,1.3065021805162902,1.4041382731587564,0.0,0.0,1.0,0.0,0.0,1
0.5517414851032569,0.044775762189062894,1.3252755513491699,-1.5327662630271606,0.5430673669778694,0.0,0.0,0.0,0.0,1.0,3
1.0492733150837434,1.4920731258759463,-0.2327078001923369,-0.17053973165697894,1.3692815960038356,0.0,0.0,0.0,1.0,0.0,2
-0.20689940608697435,-1.0406972605760998,-1.0500105419846029,-0.21426738541159124,-1.1926349302870902,0.0,0.0,0.0,1.0,0.0,0
-0.11410413074781524,-0.6788729196543789,-1.0500105419846029,-1.0329016501208363,-0.25076214270531044,1.0,0.0,0.0,0.0,0.0,0
1.7550480493714224,0.044775762189062894,-1.0500105419846029,-0.029730272606631348,-1.237253340600963,0.0,0.0,0.0,0.0,1.0,1
1.7499082529868064,1.4920731258759463,1.3252755513491699,0.7034093186285788,0.13194372030042706,0.0,1.0,0.0,0.0,0.0,3
0.37805434492982554,-0.6788729196543789,-1.0500105419846029,-0.2997428817259051,0.4067631540666634,0.0,0.0,0.0,1.0,0.0,0
-0.7741331116213114,-0.6788729196543789,-1.0500105419846029,1.2413688852451281,-1.558481666177134,0.0,0.0,0.0,0.0,1.0,0
-0.14976837911799598,0.044775762189062894,-1.0500105419846029,-0.9959865557481282,1.3245246090199283,1.0,0.0,0.0,0.0,0.0,0
1.0654055155210305,0.044775762189062894,1.3252755513491699,1.1376854407707768,-0.5719235123820041,0.0,1.0,0.0,0.0,0.0,3
1.4906613126529262,1.4920731258759463,-1.0500105419846029,0.9567310174503169,-1.2321972745693852,1.0,0.0,0.0,0.0,0.0,1
1.0728344563298047,0.044775762189062894,-0.2327078001923369,1.2204725883349785,1.392374735209889,0.0,0.0,1.0,0.0,0.0,2
-0.022264264593964488,1.4920731258759463,1.3252755513491699,1.2641167214491564,-0.9739331569377165,0.0,0.0,1.0,0.0,0.0,3
1.1007782253880227,0.044775762189062894,1.3252755513491699,-0.3525903891718908,-0.43029306875555995,1.0,0.0,0.0,0.0,0.0,3
-1.3499772970212283,-1.0406972605760998,-0.2327078001923369,-1.3275875232508842,0.04861630434054878,0.0,0.0,0.0,1.0,0.0,1
0.6586023170359018,1.4920731258759463,1.3252755513491699,1.6582197227644289,0.2436377865240172,1.0,0.0,0.0,0.0,0.0,3
-1.1616031476944813,-1.0406972605760998,-1.0500105419846029,0.9378595284241596,0.31502736379815527,0.0,0.0,0.0,0.0,1.0,0
-1.6887582011110767,1.4920731258759463,-1.0500105419846029,-0.28004421349735376,0.5680986220698785,0.0,1.0,0.0,0.0,0.0,1
-0.7991120520568087,-1.0406972605760998,-0.2327078001923369,0.3458524720963348,1.050309514680337,0.0,0.0,0.0,1.0,0.0,1
1.4048366498237534,1.4920731258759463,-1.0500105419846029,-1.552833695726135,-1.0139869491960678,0.0,0.0,1.0,0.0,0.0,1
0.2256682385826308,-0.6788729196543789,-0.2327078001923369,0.9661899451966648,0.5829570983672937,0.0,1.0,0.0,0.0,0.0,1
-0.9569066812800807,-1.0406972605760998,-0.2327078001923369,0.13272199063315301,1.7209793410790948,1.0,0.0,0.0,0.0,0.0,1
-0.3369137475903483,0.044775762189062894,1.3252755513491699,1.171558078668644,-0.2681316624552817,1.0,0.0,0.0,0.0,0.0,3
-0.20172810396954907,-1.0406972605760998,-1.0500105419846029,-0.2382876001507837,-0.6083867804037812,0.0,1.0,0.0,0.0,0.0,0
1.6796084384185113,0.044775762189062894,1.3252755513491699,1.638812327947978,-0.1641438460035076,0.0,0.0,0.0,1.0,0.0,3
1.4238400899139716,0.044775762189062894,1.3252755513491699,-0.5958501088438087,1.723034270429116,0.0,0.0,0.0,0.0,1.0,3
0.5835871006802247,-0.6788729196543789,-1.0500105419846029,-0.3486604586159654,0.17175547200645488,0.0,1.0,0.0,0.0,0.0,0
1.667707790144311,1.4920731258759463,1.3252755513491699,0.4238003380627545,-0.35730478489586315,1.0,0.0,0.0,0.0,0.0,3
1.0949291187150336,-0.6788729196543789,-1.0500105419846029,0.35124055793964243,1.5769896184839598,1.0,0.0,0.0,0.0,0.0,0
0.6059086295890665,1.4920731258759463,-1.0500105419846029,-0.995938033189501,0.5125602596559797,0.0,0.0,0.0,1.0,0.0,1
1.119371438977485,-1.0406972605760998,-0.2327078001923369,-1.705297751310863,-0.2730142691019459,0.0,1.0,0.0,0.0,0.0,1
-0.6581083248214985,1.4920731258759463,1.3252755513491699,0.8416118466156075,-1.4945720266820077,1.0,0.0,0.0,0.0,0.0,3
-1.5822547543260528,0.044775762189062894,1.3252755513491699,0.5909068840069852,-1.2135188549897415,0.0,0.0,1.0,0.0,0.0,3
0.5470985759585014,0.044775762189062894,1.3252755513491699,1.0800618917774398,0.503437762901997,0.0,1.0,0.0,0.0,0.0,3
0.1551026648554815,-1.0406972605760998,-1.0500105419846029,0.04066499970854127,0.21836589547686833,0.0,0.0,0.0,0.0,1.0,0
0.1926994486236136,0.044775762189062894,1.3252755513491699,-0.19129501958920375,0.6423547598125875,0.0,1.0,0.0,0.0,0.0,3
-0.21960759662530854,1.4920731258759463,-1.0500105419846029,1.5898557637954747,0.2557919037950254,0.0,0.0,0.0,1.0,0.0,1
0.5657171354167773,0.044775762189062894,-1.0500105419846029,-1.4464909873462153,-0.34789459772556997,0.0,1.0,0.0,0.0,0.0,0
-0.30381635738859836,0.044775762189062894,1.3252755513491699,-1.061977932785179,-0.6662727045807032,0.0,0.0,0.0,1.0,0.0,3
0.3889140056640325,0.044775762189062894,1.3252755513491699,-0.9523398292144384,0.45785166952844464,0.0,0.0,0.0,1.0,0.0,3
0.36909655101367095,0.044775762189062894,1.3252755513491699,-1.6110105764656208,1.6079424151909183,0.0,0.0,0.0,0.0,1.0,3
-1.0859243295971608,-1.0406972605760998,1.3252755513491699,0.28195198419171563,-0.3596928381736957,0.0,1.0,0.0,0.0,0.0,3
-1.4561523105136764,-0.6788729196543789,1.3252755513491699,1.0984918461657183,1.1079673677916455,0.0,0.0,0.0,0.0,1.0,3
-1.0333309785688853,0.044775762189062894,1.3252755513491699,0.47187889450353576,0.5687287405434468,0.0,0.0,1.0,0.0,0.0,3
-1.1472605143313939,-1.0406972605760998,-0.2327078001923369,-0.5140603971827721,-0.5822497486294828,0.0,0.0,0.0,0.0,1.0,1
-1.509421990433109,-0.6788729196543789,-0.2327078001923369,1.4293400661267766,-1.545569917226472,1.0,0.0,0.0,0.0,0.0,1
-0.9916739561154843,0.044775762189062894,-1.0500105419846029,-0.6921129340606199,1.238061160675113,0.0,0.0,0.0,1.0,0.0,0
-1.2807086379609902,-0.6788729196543789,-1.0500105419846029,1.0918266527968385,0.4569074752697795,0.0,0.0,1.0,0.0,0.0,0
1.7210636132122814,-1.0406972605760998,1.3252755513491699,-0.33006900510559173,-1.5004421892348023,0.0,1.0,0.0,0.0,0.0,3
0.533280112239331,1.4920731258759463,-0.2327078001923369,-1.090507322538256,1.2963590643299188,0.0,0.0,0.0,0.0,1.0,2
-1.2216651266015814,-1.0406972605760998,1.3252755513491699,0.48586807098206786,0.5029236324889342,0.0,0.0,1.0,0.0,0.0,2
1.3188502288619912,-0.6788729196543789,-0.2327078001923369,0.810459135981288,-1.4496049035593044,1.0,0.0,0.0,0.0,0.0,2
0.5464422276987442,-0.6788729196543789,-1.0500105419846029,0.04190814152564015,-1.3514639849258878,0.0,0.0,1.0,0.0,0.0,0
-0.8815743045293837,-1.0406972605760998,-0.2327078001923369,0.2054252814789001,0.7172594396486522,0.0,0.0,0.0,1.0,0.0,1
0.8039708579035694,-0.6788729196543789,1.3252755513491699,-1.5201151783048024,1.0679576663804373,0.0,0.0,1.0,0.0,0.0,3
-1.3752857026348593,-0.6788729196543789,1.3252755513491699,-0.4353027273009291,-1.4532203355290754,0.0,0.0,1.0,0.0,0.0,2
1.0671573286974634,-1.0406972605760998,-1.0500105419846029,-1.0743380218139673,0.6140369349291355,0.0,1.0,0.0,0.0,0.0,0
-1.4054360183511403,0.044775762189062894,-0.2327078001923369,1.2101688335037193,1.0629371054716763,0.0,0.0,0.0,1.0,0.0,2
1.7500536126629505,-0.6788729196543789,1.3252755513491699,-0.3582862899090615,-0.3150241559726307,1.0,0.0,0.0,0.0,0.0,3
0.795215967839285,-1.0406972605760998,-1.0500105419846029,0.424220556038067,-1.2418572086349533,0.0,0.0,1.0,0.0,0.0,0
-0.020238661505955102,-0.6788729196543789,1.3252755513491699,1.455438352058331,1.6919733748219574,0.0,0.0,0.0,1.0,0.0,2
-0.4042148853784311,-1.0406972605760998,-0.2327078001923369,0.9264317587193924,-0.6233316531731684,0.0,0.0,0.0,1.0,0.0,1
0.965580496464061,0.044775762189062894,-0.2327078001923369,-0.6202414932797673,-0.09446641951368505,0.0,1.0,0.0,0.0,0.0,2
1.6387097960387222,1.4920731258759463,-1.0500105419846029,-0.669300731739932,0.7220149853025991,1.0,0.0,0.0,0.0,0.0,1
0.44026500928416396,1.4920731258759463,1.3252755513491699,0.2623891948249044,-0.25210899931888814,0.0,0.0,0.0,0.0,1.0,3
-1.4590971955571996,1.4920731258759463,1.3252755513491699,-0.5189060114719178,-0.40095941122880313,0.0,0.0,1.0,0.0,0.0,3
1.7248889287547204,-0.6788729196543789,-1.0500105419846029,0.8414868559170151,1.6863855320821581,0.0,0.0,0.0,0.0,1.0,0
-1.6515066876832147,1.4920731258759463,-0.2327078001923369,-0.8331678176364719,0.8863110979731346,0.0,0.0,0.0,1.0,0.0,2
1.5458690214538362,1.4920731258759463,-0.2327078001923369,-0.13768847406239595,0.45830127941462234,0.0,1.0,0.0,0.0,0.0,2
-1.0845494194873744,0.044775762189062894,-0.2327078001923369,1.1131076233387398,0.6666236542482588,0.0,0.0,0.0,0.0,1.0,2
1.342827627494217,-0.6788729196543789,-1.0500105419846029,0.691173268592556,1.4808154559896776,1.0,0.0,0.0,0.0,0.0,0
-0.5680604382887968,-0.6788729196543789,-0.2327078001923369,1.2761165538120485,1.744220440139611,1.0,0.0,0.0,0.0,0.0,1
1.171612381520324,1.4920731258759463,-0.2327078001923369,0.00947108967809348,1.0991691858435158,0.0,0.0,0.0,0.0,1.0,2
-0.3734926324324997,0.044775762189062894,1.3252755513491699,-0.4718894780401441,1.2866089716429012,0.0,1.0,0.0,0.0,0.0,3
1.1461822072367058,-0.6788729196543789,-1.0500105419846029,0.3839267399927814,-1.288069710068695,1.0,0.0,0.0,0.0,0.0,0
-1.0998755438464591,0.044775762189062894,-1.0500105419846029,0.4467000990984437,-1.4704543349935912,0.0,0.0,0.0,1.0,0.0,0
-0.5984179000794817,-0.6788729196543789,-1.0500105419846029,-1.42093150175921,-1.4513524977596537,0.0,0.0,1.0,0.0,0.0,0
0.7083777526090429,-1.0406972605760998,1.3252755513491699,1.1296859501944767,-0.5616843197671879,0.0,1.0,0.0,0.0,0.0,3
-1.0320194733694052,-1.0406972605760998,1.3252755513491699,-1.7377232013590906,-1.6120593071921627,0.0,0.0,1.0,0.0,0.0,2
0.07141713500220327,1.4920731258759463,-1.0500105419846029,0.010071066106345254,-1.1793724158174026,0.0,0.0,1.0,0.0,0.0,1
1.3245926545808135,-0.6788729196543789,-1.0500105419846029,0.9821774764348168,0.5334633630846275,0.0,1.0,0.0,0.0,0.0,0
0.24935807045222533,0.044775762189062894,1.3252755513491699,-0.445595531439199,-1.406291741063362,0.0,0.0,0.0,1.0,0.0,3
1.4609679446559254,-0.6788729196543789,-1.0500105419846029,1.5199727264125389,-0.5949370269505444,0.0,1.0,0.0,0.0,0.0,0
1.3920042837314894,-0.6788729196543789,1.3252755513491699,-0.4808373837434898,-1.3661267208376988,0.0,0.0,0.0,0.0,1.0,2
0.07882640018007654,-0.6788729196543789,-1.0500105419846029,1.5113536674938335,-1.014802015566526,0.0,0.0,0.0,1.0,0.0,0
-0.02297657259348924,1.4920731258759463,-0.2327078001923369,0.06571371889239853,0.4754646417668779,1.0,0.0,0.0,0.0,0.0,2
0.6951071641060144,-0.6788729196543789,1.3252755513491699,1.6638387538204629,-0.7522777811499319,1.0,0.0,0.0,0.0,0.0,3
0.42257083850887434,0.044775762189062894,1.3252755513491699,-0.3357969793732425,0.9814384969204534,0.0,0.0,0.0,0.0,1.0,3
-0.43484851950838654,0.044775762189062894,-0.2327078001923369,-1.3432941231327584,-1.2438576743672702,0.0,0.0,0.0,1.0,0.0,2
-1.4768944013263712,1.4920731258759463,1.3252755513491699,-0.7256491534341648,0.7581985947775267,1.0,0.0,0.0,0.0,0.0,3
-1.0158572117454292,-0.6788729196543789,-0.2327078001923369,1.2935718614120009,-0.521443217061203,0.0,1.0,0.0,0.0,0.0,1
0.06123448333231049,1.4920731258759463,1.3252755513491699,1.6537486823781697,0.03925273231015532,0.0,0.0,0.0,0.0,1.0,3
0.6666801791875578,1.4920731258759463,-0.2327078001923369,-1.5110397650721226,0.571144043927341,0.0,0.0,0.0,1.0,0.0,2
-0.34399230882266246,0.044775762189062894,-1.0500105419846029,0.998067854084169,0.05450109696442783,0.0,0.0,0.0,0.0,1.0,0
-1.205261264116055,-1.0406972605760998,-1.0500105419846029,-0.8649357110328837,1.753540889622588,0.0,0.0,0.0,1.0,0.0,0
-1.7180711044818977,-0.6788729196543789,1.3252755513491699,0.6896226067135562,-0.7911532166609385,0.0,0.0,0.0,0.0,1.0,3
-0.6642919649871069,-0.6788729196543789,1.3252755513491699,1.3564999611138406,0.4083032227681784,0.0,0.0,0.0,1.0,0.0,3
-1.2735194882009007,-0.6788729196543789,-1.0500105419846029,-1.2094029157891546,-0.8037684580179443,0.0,0.0,0.0,0.0,1.0,0
1.5382704610178344,-0.6788729196543789,-0.2327078001923369,0.16320754167756193,-1.2310805759853694,0.0,0.0,1.0,0.0,0.0,2
0.6766162480494182,1.4920731258759463,-0.2327078001923369,0.9750194478791281,-0.6912503392353604,0.0,0.0,0.0,1.0,0.0,2
-1.52292938657248,0.044775762189062894,-1.0500105419846029,1.1382086207742628,-1.0008165868950418,0.0,0.0,0.0,0.0,1.0,0
-0.24413877448350915,1.4920731258759463,-1.0500105419846029,1.5143120706180988,-0.5858964995157834,0.0,0.0,0.0,1.0,0.0,1
0.22569748942102233,-0.6788729196543789,-1.0500105419846029,-0.05584423985303779,0.8712695728063815,0.0,0.0,1.0,0.0,0.0,0
-0.9219726600664362,0.044775762189062894,-1.0500105419846029,1.5169825563483468,1.4879201835807907,1.0,0.0,0.0,0.0,0.0,0
-1.471147202428362,1.4920731258759463,1.3252755513491699,1.4246076604333764,-0.5873764036632388,0.0,0.0,1.0,0.0,0.0,3
-1.1788295591944515,-0.6788729196543789,-0.2327078001923369,-1.4577807152350442,-0.06383832382049864,0.0,1.0,0.0,0.0,0.0,1
0.14776318191549248,-0.6788729196543789,-0.2327078001923369,-0.2827821829646941,-1.0200772569417889,0.0,1.0,0.0,0.0,0.0,1
-0.6167457914434837,-1.0406972605760998,-0.2327078001923369,-1.0334883784597193,1.0942187436893733,0.0,1.0,0.0,0.0,0.0,1
1.3623574571657842,-1.0406972605760998,-0.2327078001923369,-0.8152785684731947,0.8943907243981232,0.0,0.0,0.0,1.0,0.0,1
0.16260756576092128,1.4920731258759463,-0.2327078001923369,0.1123504360855521,-1.2963153424297191,1.0,0.0,0.0,0.0,0.0,2
1.4855834680364801,0.044775762189062894,1.3252755513491699,-1.2445097238492067,-0.14713602465577952,0.0,1.0,0.0,0.0,0.0,3
-0.824588617402585,1.4920731258759463,-1.0500105419846029,-0.10818299360983835,0.6591256148745077,1.0,0.0,0.0,0.0,0.0,1
1.0349620605317387,-0.6788729196543789,1.3252755513491699,1.0000233978741528,0.12322502492099544,0.0,0.0,0.0,0.0,1.0,2
-0.7128382540221222,0.044775762189062894,-0.2327078001923369,0.4510156330280124,-1.3000408152422633,1.0,0.0,0.0,0.0,0.0,2
-1.0354595805419267,1.4920731258759463,-0.2327078001923369,-0.47316882598820387,1.46756349539555,0.0,0.0,1.0,0.0,0.0,2
1.5991235061624995,0.044775762189062894,-1.0500105419846029,1.3354047725931715,-0.2069084402972235,0.0,0.0,1.0,0.0,0.0,0
-0.5975350816478615,1.4920731258759463,-0.2327078001923369,0.8802774716461873,0.5499068323727514,0.0,0.0,1.0,0.0,0.0,2
0.9444660518997998,1.4920731258759463,-1.0500105419846029,-0.15591619906260895,-0.6359038442862204,0.0,0.0,0.0,0.0,1.0,1
-1.450899340548321,-1.0406972605760998,-0.2327078001923369,-1.5238857192185236,1.602064751291811,0.0,1.0,0.0,0.0,0.0,1
-0.7076369850351846,-1.0406972605760998,-0.2327078001923369,1.4606953577992132,0.014779460382574015,0.0,1.0,0.0,0.0,0.0,1
-0.4886631898849451,-0.6788729196543789,-0.2327078001923369,-0.48456188818655177,0.32270366100110803,0.0,1.0,0.0,0.0,0.0,1
-0.11811585103555158,1.4920731258759463,-0.2327078001923369,1.0368601771917094,1.0498752722379914,1.0,0.0,0.0,0.0,0.0,2
-0.8750363878458124,0.044775762189062894,-1.0500105419846029,-1.0360046147377744,-0.6232892294369909,0.0,1.0,0.0,0.0,0.0,0
0.21916499056931274,1.4920731258759463,1.3252755513491699,0.17770447406763482,-1.0489064758438813,0.0,0.0,0.0,1.0,0.0,3
1.1346540645435952,1.4920731258759463,-0.2327078001923369,1.0000064674734024,0.5982304852681514,1.0,0.0,0.0,0.0,0.0,2
-1.604685864483271,1.4920731258759463,1.3252755513491699,0.9714489642379229,1.7538945475970567,0.0,0.0,1.0,0.0,0.0,3
-0.07350944486382506,-0.6788729196543789,1.3252755513491699,-1.5236482474366724,-1.2751283617937705,0.0,1.0,0.0,0.0,0.0,3
1.2850333502310922,1.4920731258759463,-1.0500105419846029,-1.746073555025897,-1.5437147365827635,0.0,0.0,0.0,0.0,1.0,1
-0.09736876973397637,1.4920731258759463,1.3252755513491699,0.12885680373497624,-0.5883437905972349,0.0,1.0,0.0,0.0,0.0,3
-1.2870175979842382,-1.0406972605760998,-0.2327078001923369,-1.386309600176947,0.8650307169354848,0.0,0.0,0.0,0.0,1.0,1
-0.9665663068317585,1.4920731258759463,-1.0500105419846029,-1.4594090032878997,1.1752227953310284,0.0,0.0,1.0,0.0,0.0,1
0.3539515289319936,0.044775762189062894,-0.2327078001923369,0.4295506481465856,-1.3687953807393416,0.0,0.0,0.0,1.0,0.0,2
-1.6652634222984148,0.044775762189062894,1.3252755513491699,-1.125754599868977,-0.14371286875225386,0.0,0.0,1.0,0.0,0.0,3
-0.8302633794849181,0.044775762189062894,-1.0500105419846029,-0.8390552347115482,0.4045416459391311,0.0,0.0,1.0,0.0,0.0,0
0.14045948408929634,-0.6788729196543789,-1.0500105419846029,0.7130112245493169,1.3452227385935953,0.0,0.0,1.0,0.0,0.0,0
0.7367584117114633,-0.6788729196543789,-1.0500105419846029,0.8322977383892542,-0.08358277349193921,0.0,0.0,1.0,0.0,0.0,0
0.45769136510045727,-0.6788729196543789,1.3252755513491699,-0.5809559791735615,-0.6572466945212017,0.0,0.0,1.0,0.0,0.0,3
-0.9806174594364375,1.4920731258759463,-1.0500105419846029,0.656231202426076,0.833842675775197,0.0,0.0,1.0,0.0,0.0,1
-0.04791503658249609,-0.6788729196543789,-1.0500105419846029,1.192303323991743,-0.542780015927267,0.0,0.0,0.0,1.0,0.0,0
-1.6956598051633318,1.4920731258759463,1.3252755513491699,0.13162088934579175,0.28537077502966424,0.0,1.0,0.0,0.0,0.0,3
0.9959523517902241,1.4920731258759463,1.3252755513491699,0.924441857792907,-0.12417519667399193,0.0,0.0,1.0,0.0,0.0,3
-0.696568727732537,-0.6788729196543789,-0.2327078001923369,-1.206206367950931,1.5700764795723257,0.0,0.0,0.0,0.0,1.0,1
-0.8599108228314726,-0.6788729196543789,1.3252755513491699,-0.3559723076159429,1.1829210629303522,0.0,0.0,0.0,0.0,1.0,2
1.073503271919817,-0.6788729196543789,-1.0500105419846029,-1.580006448161784,-0.1865969654077514,0.0,1.0,0.0,0.0,0.0,0
-1.7141254164827082,-1.0406972605760998,1.3252755513491699,0.36991574908647246,-1.4052586984476436,0.0,0.0,1.0,0.0,0.0,2
1.2892570932054506,1.4920731258759463,-1.0500105419846029,-1.3592412613819003,-0.037250973999909155,0.0,1.0,0.0,0.0,0.0,1
1.1897832113603188,-0.6788729196543789,1.3252755513491699,0.3769306599472908,-0.2650899880118839,0.0,0.0,0.0,0.0,1.0,3
